{
  "minecraft:recipes/decorations/chest": {
    "criteria": {
      "has_lots_of_items": "2019-03-29 19:17:59 -0400"
    },
    "done": true
  },
  "minecraft:story/shiny_gear": {
    "criteria": {
      "diamond_helmet": "2019-03-29 19:17:29 -0400"
    },
    "done": true
  },
  "minecraft:recipes/redstone/trapped_chest": {
    "criteria": {
      "has_tripwire_hook": "2019-03-29 19:15:53 -0400"
    },
    "done": true
  },
  "minecraft:adventure/adventuring_time": {
    "criteria": {
      "minecraft:plains": "2019-03-29 19:08:43 -0400"
    },
    "done": false
  }
}