{
  "minecraft:recipes/tools/fishing_rod": {
    "criteria": {
      "has_string": "2019-03-04 20:16:20 -0500"
    },
    "done": true
  },
  "minecraft:recipes/decorations/purple_stained_glass_pane": {
    "criteria": {
      "has_glass": "2019-03-01 19:17:13 -0500"
    },
    "done": true
  },
  "minecraft:recipes/building_blocks/black_stained_glass": {
    "criteria": {
      "has_glass": "2019-03-01 19:17:13 -0500"
    },
    "done": true
  },
  "minecraft:recipes/building_blocks/quartz_pillar": {
    "criteria": {
      "has_quartz_pillar": "2019-03-01 19:17:13 -0500"
    },
    "done": true
  },
  "minecraft:recipes/building_blocks/magenta_concrete_powder": {
    "criteria": {
      "has_gravel": "2019-03-05 13:35:10 -0500"
    },
    "done": true
  },
  "minecraft:recipes/redstone/acacia_button": {
    "criteria": {
      "has_planks": "2019-03-04 20:37:35 -0500"
    },
    "done": true
  },
  "minecraft:recipes/redstone/jungle_pressure_plate": {
    "criteria": {
      "has_planks": "2019-03-01 19:17:13 -0500"
    },
    "done": true
  },
  "minecraft:recipes/decorations/green_bed": {
    "criteria": {
      "has_green_wool": "2019-03-04 20:33:40 -0500"
    },
    "done": true
  },
  "minecraft:recipes/building_blocks/stone_bricks": {
    "criteria": {
      "has_stone": "2019-03-01 19:38:39 -0500"
    },
    "done": true
  },
  "minecraft:recipes/redstone/spruce_door": {
    "criteria": {
      "has_planks": "2019-03-04 20:27:45 -0500"
    },
    "done": true
  },
  "minecraft:recipes/building_blocks/lime_concrete_powder": {
    "criteria": {
      "has_gravel": "2019-03-05 13:35:10 -0500"
    },
    "done": true
  },
  "minecraft:recipes/building_blocks/nether_brick_slab": {
    "criteria": {
      "has_nether_brick": "2019-03-01 19:38:31 -0500"
    },
    "done": true
  },
  "minecraft:recipes/redstone/acacia_pressure_plate": {
    "criteria": {
      "has_planks": "2019-03-04 20:37:35 -0500"
    },
    "done": true
  },
  "minecraft:recipes/building_blocks/gray_stained_glass": {
    "criteria": {
      "has_glass": "2019-03-01 19:17:13 -0500"
    },
    "done": true
  },
  "minecraft:nether/root": {
    "criteria": {
      "entered_nether": "2019-03-04 22:05:00 -0500"
    },
    "done": true
  },
  "minecraft:recipes/redstone/spruce_fence_gate": {
    "criteria": {
      "has_planks": "2019-03-04 20:27:45 -0500"
    },
    "done": true
  },
  "minecraft:recipes/building_blocks/yellow_concrete_powder": {
    "criteria": {
      "has_gravel": "2019-03-05 13:35:10 -0500"
    },
    "done": true
  },
  "minecraft:recipes/brewing/glass_bottle": {
    "criteria": {
      "has_glass": "2019-03-01 19:17:13 -0500"
    },
    "done": true
  },
  "minecraft:recipes/combat/leather_helmet": {
    "criteria": {
      "has_leather": "2019-03-01 19:17:13 -0500"
    },
    "done": true
  },
  "minecraft:recipes/decorations/light_blue_stained_glass_pane": {
    "criteria": {
      "has_glass": "2019-03-01 19:17:13 -0500"
    },
    "done": true
  },
  "minecraft:recipes/decorations/crafting_table": {
    "criteria": {
      "has_planks": "2019-03-01 19:17:13 -0500"
    },
    "done": true
  },
  "minecraft:recipes/building_blocks/purple_stained_glass": {
    "criteria": {
      "has_glass": "2019-03-01 19:17:13 -0500"
    },
    "done": true
  },
  "minecraft:recipes/decorations/lime_stained_glass_pane": {
    "criteria": {
      "has_glass": "2019-03-01 19:17:13 -0500"
    },
    "done": true
  },
  "minecraft:recipes/decorations/chest": {
    "criteria": {
      "has_lots_of_items": "2019-03-01 19:17:13 -0500"
    },
    "done": true
  },
  "minecraft:story/shiny_gear": {
    "criteria": {
      "diamond_chestplate": "2019-03-04 22:26:16 -0500"
    },
    "done": true
  },
  "minecraft:recipes/decorations/magenta_stained_glass_pane": {
    "criteria": {
      "has_glass": "2019-03-01 19:17:13 -0500"
    },
    "done": true
  },
  "minecraft:recipes/building_blocks/brown_concrete_powder": {
    "criteria": {
      "has_gravel": "2019-03-05 13:35:10 -0500"
    },
    "done": true
  },
  "minecraft:recipes/decorations/light_gray_bed": {
    "criteria": {
      "has_light_gray_wool": "2019-03-04 20:13:26 -0500"
    },
    "done": true
  },
  "minecraft:recipes/decorations/painting": {
    "criteria": {
      "has_wool": "2019-03-01 19:17:13 -0500"
    },
    "done": true
  },
  "minecraft:recipes/building_blocks/quartz_slab": {
    "criteria": {
      "has_quartz_pillar": "2019-03-01 19:17:13 -0500"
    },
    "done": true
  },
  "minecraft:recipes/redstone/spruce_button": {
    "criteria": {
      "has_planks": "2019-03-04 20:27:45 -0500"
    },
    "done": true
  },
  "minecraft:recipes/building_blocks/white_stained_glass": {
    "criteria": {
      "has_glass": "2019-03-01 19:17:13 -0500"
    },
    "done": true
  },
  "minecraft:recipes/decorations/cyan_stained_glass_pane": {
    "criteria": {
      "has_glass": "2019-03-01 19:17:13 -0500"
    },
    "done": true
  },
  "minecraft:recipes/building_blocks/blue_stained_glass": {
    "criteria": {
      "has_glass": "2019-03-01 19:17:13 -0500"
    },
    "done": true
  },
  "minecraft:recipes/misc/stick": {
    "criteria": {
      "has_planks": "2019-03-01 19:17:13 -0500"
    },
    "done": true
  },
  "minecraft:recipes/building_blocks/stone_slab": {
    "criteria": {
      "has_stone": "2019-03-01 19:38:39 -0500"
    },
    "done": true
  },
  "minecraft:recipes/decorations/black_carpet": {
    "criteria": {
      "has_black_wool": "2019-03-04 20:31:29 -0500"
    },
    "done": true
  },
  "minecraft:recipes/redstone/acacia_fence_gate": {
    "criteria": {
      "has_planks": "2019-03-04 20:37:35 -0500"
    },
    "done": true
  },
  "minecraft:recipes/building_blocks/spruce_wood": {
    "criteria": {
      "has_log": "2019-03-05 14:28:42 -0500"
    },
    "done": true
  },
  "minecraft:recipes/redstone/redstone_lamp": {
    "criteria": {
      "has_glowstone": "2019-03-01 19:24:04 -0500"
    },
    "done": true
  },
  "minecraft:recipes/decorations/sign": {
    "criteria": {
      "has_planks": "2019-03-01 19:17:13 -0500"
    },
    "done": true
  },
  "minecraft:recipes/building_blocks/green_stained_glass": {
    "criteria": {
      "has_glass": "2019-03-01 19:17:13 -0500"
    },
    "done": true
  },
  "minecraft:recipes/misc/lime_dye_from_smelting": {
    "criteria": {
      "has_sea_pickle": "2019-03-04 20:33:46 -0500"
    },
    "done": true
  },
  "minecraft:recipes/transportation/spruce_boat": {
    "criteria": {
      "in_water": "2019-03-04 20:02:07 -0500"
    },
    "done": true
  },
  "minecraft:recipes/tools/flint_and_steel": {
    "criteria": {
      "has_obsidian": "2019-03-02 10:43:29 -0500"
    },
    "done": true
  },
  "minecraft:recipes/decorations/yellow_stained_glass_pane": {
    "criteria": {
      "has_glass": "2019-03-01 19:17:13 -0500"
    },
    "done": true
  },
  "minecraft:recipes/building_blocks/oak_planks": {
    "criteria": {
      "has_log": "2019-03-01 19:17:13 -0500"
    },
    "done": true
  },
  "minecraft:recipes/redstone/dispenser": {
    "criteria": {
      "has_bow": "2019-03-04 12:40:09 -0500"
    },
    "done": true
  },
  "minecraft:recipes/building_blocks/blue_concrete_powder": {
    "criteria": {
      "has_gravel": "2019-03-05 13:35:10 -0500"
    },
    "done": true
  },
  "minecraft:recipes/decorations/light_blue_carpet": {
    "criteria": {
      "has_light_blue_wool": "2019-03-04 20:09:10 -0500"
    },
    "done": true
  },
  "minecraft:recipes/decorations/light_gray_banner": {
    "criteria": {
      "has_light_gray_wool": "2019-03-04 20:13:26 -0500"
    },
    "done": true
  },
  "minecraft:recipes/building_blocks/gray_concrete_powder": {
    "criteria": {
      "has_gravel": "2019-03-05 13:35:10 -0500"
    },
    "done": true
  },
  "minecraft:recipes/building_blocks/cyan_stained_glass": {
    "criteria": {
      "has_glass": "2019-03-01 19:17:13 -0500"
    },
    "done": true
  },
  "minecraft:recipes/building_blocks/spruce_slab": {
    "criteria": {
      "has_planks": "2019-03-04 20:27:45 -0500"
    },
    "done": true
  },
  "minecraft:recipes/decorations/cyan_banner": {
    "criteria": {
      "has_cyan_wool": "2019-03-01 19:17:13 -0500"
    },
    "done": true
  },
  "minecraft:recipes/redstone/jungle_trapdoor": {
    "criteria": {
      "has_planks": "2019-03-01 19:17:13 -0500"
    },
    "done": true
  },
  "minecraft:recipes/decorations/brown_banner": {
    "criteria": {
      "has_brown_wool": "2019-03-04 20:23:32 -0500"
    },
    "done": true
  },
  "minecraft:recipes/decorations/black_banner": {
    "criteria": {
      "has_black_wool": "2019-03-04 20:31:29 -0500"
    },
    "done": true
  },
  "minecraft:recipes/redstone/acacia_trapdoor": {
    "criteria": {
      "has_planks": "2019-03-04 20:37:35 -0500"
    },
    "done": true
  },
  "minecraft:recipes/redstone/tripwire_hook": {
    "criteria": {
      "has_string": "2019-03-04 20:16:20 -0500"
    },
    "done": true
  },
  "minecraft:recipes/redstone/jungle_button": {
    "criteria": {
      "has_planks": "2019-03-01 19:17:13 -0500"
    },
    "done": true
  },
  "minecraft:recipes/building_blocks/chiseled_quartz_block": {
    "criteria": {
      "has_quartz_pillar": "2019-03-01 19:17:13 -0500"
    },
    "done": true
  },
  "minecraft:recipes/building_blocks/birch_planks": {
    "criteria": {
      "has_log": "2019-03-04 20:27:56 -0500"
    },
    "done": true
  },
  "minecraft:recipes/building_blocks/black_concrete_powder": {
    "criteria": {
      "has_gravel": "2019-03-05 13:35:10 -0500"
    },
    "done": true
  },
  "minecraft:recipes/building_blocks/coarse_dirt": {
    "criteria": {
      "has_gravel": "2019-03-05 13:35:10 -0500"
    },
    "done": true
  },
  "minecraft:recipes/decorations/orange_banner": {
    "criteria": {
      "has_orange_wool": "2019-03-04 20:23:25 -0500"
    },
    "done": true
  },
  "minecraft:recipes/redstone/note_block": {
    "criteria": {
      "has_redstone": "2019-03-04 21:55:59 -0500"
    },
    "done": true
  },
  "minecraft:recipes/decorations/orange_stained_glass_pane": {
    "criteria": {
      "has_glass": "2019-03-01 19:17:13 -0500"
    },
    "done": true
  },
  "minecraft:recipes/building_blocks/oak_wood": {
    "criteria": {
      "has_log": "2019-03-01 19:17:13 -0500"
    },
    "done": true
  },
  "minecraft:recipes/redstone/stone_button": {
    "criteria": {
      "has_stone": "2019-03-01 19:38:39 -0500"
    },
    "done": true
  },
  "minecraft:recipes/redstone/dropper": {
    "criteria": {
      "has_redstone": "2019-03-04 21:55:59 -0500"
    },
    "done": true
  },
  "minecraft:recipes/building_blocks/light_blue_concrete_powder": {
    "criteria": {
      "has_gravel": "2019-03-05 13:35:10 -0500"
    },
    "done": true
  },
  "minecraft:recipes/building_blocks/light_gray_concrete_powder": {
    "criteria": {
      "has_gravel": "2019-03-05 13:35:10 -0500"
    },
    "done": true
  },
  "minecraft:recipes/redstone/spruce_pressure_plate": {
    "criteria": {
      "has_planks": "2019-03-04 20:27:45 -0500"
    },
    "done": true
  },
  "minecraft:story/form_obsidian": {
    "criteria": {
      "obsidian": "2019-03-02 10:43:29 -0500"
    },
    "done": true
  },
  "minecraft:recipes/combat/leather_leggings": {
    "criteria": {
      "has_leather": "2019-03-01 19:17:13 -0500"
    },
    "done": true
  },
  "minecraft:recipes/building_blocks/pink_concrete_powder": {
    "criteria": {
      "has_gravel": "2019-03-05 13:35:10 -0500"
    },
    "done": true
  },
  "minecraft:recipes/building_blocks/jungle_slab": {
    "criteria": {
      "has_planks": "2019-03-01 19:17:13 -0500"
    },
    "done": true
  },
  "minecraft:recipes/combat/bow": {
    "criteria": {
      "has_string": "2019-03-04 20:16:20 -0500"
    },
    "done": true
  },
  "minecraft:recipes/building_blocks/red_concrete_powder": {
    "criteria": {
      "has_gravel": "2019-03-05 13:35:10 -0500"
    },
    "done": true
  },
  "minecraft:recipes/combat/leather_chestplate": {
    "criteria": {
      "has_leather": "2019-03-01 19:17:13 -0500"
    },
    "done": true
  },
  "minecraft:recipes/decorations/black_stained_glass_pane": {
    "criteria": {
      "has_glass": "2019-03-01 19:17:13 -0500"
    },
    "done": true
  },
  "minecraft:recipes/building_blocks/acacia_slab": {
    "criteria": {
      "has_planks": "2019-03-04 20:37:35 -0500"
    },
    "done": true
  },
  "minecraft:recipes/building_blocks/yellow_stained_glass": {
    "criteria": {
      "has_glass": "2019-03-01 19:17:13 -0500"
    },
    "done": true
  },
  "minecraft:recipes/redstone/repeater": {
    "criteria": {
      "has_redstone_torch": "2019-03-04 21:55:52 -0500"
    },
    "done": true
  },
  "minecraft:recipes/tools/compass": {
    "criteria": {
      "has_redstone": "2019-03-04 21:55:59 -0500"
    },
    "done": true
  },
  "minecraft:recipes/building_blocks/purple_concrete_powder": {
    "criteria": {
      "has_gravel": "2019-03-05 13:35:10 -0500"
    },
    "done": true
  },
  "minecraft:adventure/kill_a_mob": {
    "criteria": {
      "minecraft:silverfish": "2019-03-02 11:26:30 -0500"
    },
    "done": true
  },
  "minecraft:recipes/decorations/acacia_fence": {
    "criteria": {
      "has_planks": "2019-03-04 20:37:35 -0500"
    },
    "done": true
  },
  "minecraft:recipes/building_blocks/brick_stairs": {
    "criteria": {
      "has_brick_block": "2019-03-01 19:17:13 -0500"
    },
    "done": true
  },
  "minecraft:recipes/decorations/orange_carpet": {
    "criteria": {
      "has_orange_wool": "2019-03-04 20:23:25 -0500"
    },
    "done": true
  },
  "minecraft:recipes/building_blocks/polished_andesite": {
    "criteria": {
      "has_stone": "2019-03-04 22:29:16 -0500"
    },
    "done": true
  },
  "minecraft:recipes/decorations/green_carpet": {
    "criteria": {
      "has_green_wool": "2019-03-04 20:33:40 -0500"
    },
    "done": true
  },
  "minecraft:recipes/brewing/cauldron": {
    "criteria": {
      "has_water_bucket": "2019-03-01 19:17:13 -0500"
    },
    "done": true
  },
  "minecraft:adventure/adventuring_time": {
    "criteria": {
      "minecraft:plains": "2019-03-01 19:17:15 -0500"
    },
    "done": false
  },
  "minecraft:recipes/decorations/gray_stained_glass_pane": {
    "criteria": {
      "has_glass": "2019-03-01 19:17:13 -0500"
    },
    "done": true
  },
  "minecraft:recipes/decorations/armor_stand": {
    "criteria": {
      "has_stone_slab": "2019-03-04 21:35:37 -0500"
    },
    "done": true
  },
  "minecraft:recipes/misc/charcoal": {
    "criteria": {
      "has_log": "2019-03-01 19:17:13 -0500"
    },
    "done": true
  },
  "minecraft:recipes/building_blocks/red_stained_glass": {
    "criteria": {
      "has_glass": "2019-03-01 19:17:13 -0500"
    },
    "done": true
  },
  "minecraft:recipes/building_blocks/spruce_planks": {
    "criteria": {
      "has_log": "2019-03-04 12:43:33 -0500"
    },
    "done": true
  },
  "minecraft:recipes/decorations/green_stained_glass_pane": {
    "criteria": {
      "has_glass": "2019-03-01 19:17:13 -0500"
    },
    "done": true
  },
  "minecraft:recipes/decorations/cyan_carpet": {
    "criteria": {
      "has_cyan_wool": "2019-03-01 19:17:13 -0500"
    },
    "done": true
  },
  "minecraft:recipes/redstone/redstone_torch": {
    "criteria": {
      "has_redstone": "2019-03-04 21:55:59 -0500"
    },
    "done": true
  },
  "minecraft:recipes/decorations/nether_brick_fence": {
    "criteria": {
      "has_nether_brick": "2019-03-01 19:38:31 -0500"
    },
    "done": true
  },
  "minecraft:recipes/transportation/birch_boat": {
    "criteria": {
      "in_water": "2019-03-04 20:02:07 -0500"
    },
    "done": true
  },
  "minecraft:recipes/decorations/light_gray_carpet": {
    "criteria": {
      "has_light_gray_wool": "2019-03-04 20:13:26 -0500"
    },
    "done": true
  },
  "minecraft:recipes/building_blocks/quartz_stairs": {
    "criteria": {
      "has_quartz_pillar": "2019-03-01 19:17:13 -0500"
    },
    "done": true
  },
  "minecraft:recipes/decorations/enchanting_table": {
    "criteria": {
      "has_obsidian": "2019-03-02 10:43:29 -0500"
    },
    "done": true
  },
  "minecraft:recipes/building_blocks/green_concrete_powder": {
    "criteria": {
      "has_gravel": "2019-03-05 13:35:10 -0500"
    },
    "done": true
  },
  "minecraft:recipes/decorations/light_blue_banner": {
    "criteria": {
      "has_light_blue_wool": "2019-03-04 20:09:10 -0500"
    },
    "done": true
  },
  "minecraft:recipes/transportation/acacia_boat": {
    "criteria": {
      "in_water": "2019-03-04 20:02:07 -0500"
    },
    "done": true
  },
  "minecraft:recipes/decorations/cyan_bed": {
    "criteria": {
      "has_cyan_wool": "2019-03-01 19:17:13 -0500"
    },
    "done": true
  },
  "minecraft:recipes/redstone/acacia_door": {
    "criteria": {
      "has_planks": "2019-03-04 20:37:35 -0500"
    },
    "done": true
  },
  "minecraft:recipes/building_blocks/orange_stained_glass": {
    "criteria": {
      "has_glass": "2019-03-01 19:17:13 -0500"
    },
    "done": true
  },
  "minecraft:recipes/building_blocks/brown_stained_glass": {
    "criteria": {
      "has_glass": "2019-03-01 19:17:13 -0500"
    },
    "done": true
  },
  "minecraft:recipes/redstone/stone_pressure_plate": {
    "criteria": {
      "has_stone": "2019-03-01 19:38:39 -0500"
    },
    "done": true
  },
  "minecraft:adventure/root": {
    "criteria": {
      "killed_something": "2019-03-02 11:26:30 -0500"
    },
    "done": true
  },
  "minecraft:recipes/combat/leather_boots": {
    "criteria": {
      "has_leather": "2019-03-01 19:17:13 -0500"
    },
    "done": true
  },
  "minecraft:recipes/transportation/jungle_boat": {
    "criteria": {
      "in_water": "2019-03-04 20:02:07 -0500"
    },
    "done": true
  },
  "minecraft:recipes/decorations/black_bed": {
    "criteria": {
      "has_black_wool": "2019-03-04 20:31:29 -0500"
    },
    "done": true
  },
  "minecraft:recipes/misc/iron_ingot_from_iron_block": {
    "criteria": {
      "has_iron_block": "2019-03-01 19:20:03 -0500"
    },
    "done": true
  },
  "minecraft:recipes/building_blocks/jungle_stairs": {
    "criteria": {
      "has_planks": "2019-03-01 19:17:13 -0500"
    },
    "done": true
  },
  "minecraft:recipes/building_blocks/white_concrete_powder": {
    "criteria": {
      "has_gravel": "2019-03-05 13:35:10 -0500"
    },
    "done": true
  },
  "minecraft:recipes/decorations/item_frame": {
    "criteria": {
      "has_leather": "2019-03-01 19:17:13 -0500"
    },
    "done": true
  },
  "minecraft:recipes/decorations/jungle_fence": {
    "criteria": {
      "has_planks": "2019-03-01 19:17:13 -0500"
    },
    "done": true
  },
  "minecraft:recipes/building_blocks/light_gray_stained_glass": {
    "criteria": {
      "has_glass": "2019-03-01 19:17:13 -0500"
    },
    "done": true
  },
  "minecraft:recipes/decorations/brown_carpet": {
    "criteria": {
      "has_brown_wool": "2019-03-04 20:23:32 -0500"
    },
    "done": true
  },
  "minecraft:recipes/building_blocks/white_wool_from_string": {
    "criteria": {
      "has_string": "2019-03-04 20:16:20 -0500"
    },
    "done": true
  },
  "minecraft:recipes/tools/clock": {
    "criteria": {
      "has_redstone": "2019-03-04 21:55:59 -0500"
    },
    "done": true
  },
  "minecraft:recipes/transportation/dark_oak_boat": {
    "criteria": {
      "in_water": "2019-03-04 20:02:07 -0500"
    },
    "done": true
  },
  "minecraft:recipes/decorations/spruce_fence": {
    "criteria": {
      "has_planks": "2019-03-04 20:27:45 -0500"
    },
    "done": true
  },
  "minecraft:recipes/redstone/jungle_door": {
    "criteria": {
      "has_planks": "2019-03-01 19:17:13 -0500"
    },
    "done": true
  },
  "minecraft:recipes/decorations/white_stained_glass_pane": {
    "criteria": {
      "has_glass": "2019-03-01 19:17:13 -0500"
    },
    "done": true
  },
  "minecraft:recipes/decorations/red_stained_glass_pane": {
    "criteria": {
      "has_glass": "2019-03-01 19:17:13 -0500"
    },
    "done": true
  },
  "minecraft:adventure/kill_all_mobs": {
    "criteria": {
      "minecraft:silverfish": "2019-03-02 11:26:30 -0500"
    },
    "done": false
  },
  "minecraft:story/enter_the_nether": {
    "criteria": {
      "entered_nether": "2019-03-04 22:05:00 -0500"
    },
    "done": true
  },
  "minecraft:recipes/building_blocks/nether_brick_stairs": {
    "criteria": {
      "has_nether_brick": "2019-03-01 19:38:31 -0500"
    },
    "done": true
  },
  "minecraft:recipes/decorations/orange_bed": {
    "criteria": {
      "has_orange_wool": "2019-03-04 20:23:25 -0500"
    },
    "done": true
  },
  "minecraft:recipes/building_blocks/birch_wood": {
    "criteria": {
      "has_log": "2019-03-04 20:27:56 -0500"
    },
    "done": true
  },
  "minecraft:recipes/redstone/jungle_fence_gate": {
    "criteria": {
      "has_planks": "2019-03-01 19:17:13 -0500"
    },
    "done": true
  },
  "minecraft:recipes/building_blocks/brick_slab": {
    "criteria": {
      "has_brick_block": "2019-03-01 19:17:13 -0500"
    },
    "done": true
  },
  "minecraft:recipes/redstone/piston": {
    "criteria": {
      "has_redstone": "2019-03-04 21:55:59 -0500"
    },
    "done": true
  },
  "minecraft:recipes/building_blocks/lime_stained_glass": {
    "criteria": {
      "has_glass": "2019-03-01 19:17:13 -0500"
    },
    "done": true
  },
  "minecraft:recipes/decorations/pink_stained_glass_pane": {
    "criteria": {
      "has_glass": "2019-03-01 19:17:13 -0500"
    },
    "done": true
  },
  "minecraft:recipes/building_blocks/spruce_stairs": {
    "criteria": {
      "has_planks": "2019-03-04 20:27:45 -0500"
    },
    "done": true
  },
  "minecraft:recipes/decorations/brown_bed": {
    "criteria": {
      "has_brown_wool": "2019-03-04 20:23:32 -0500"
    },
    "done": true
  },
  "minecraft:recipes/misc/iron_nugget_from_smelting": {
    "criteria": {
      "has_iron_hoe": "2019-03-04 12:49:07 -0500"
    },
    "done": true
  },
  "minecraft:recipes/redstone/spruce_trapdoor": {
    "criteria": {
      "has_planks": "2019-03-04 20:27:45 -0500"
    },
    "done": true
  },
  "minecraft:recipes/decorations/green_banner": {
    "criteria": {
      "has_green_wool": "2019-03-04 20:33:40 -0500"
    },
    "done": true
  },
  "minecraft:recipes/decorations/brown_stained_glass_pane": {
    "criteria": {
      "has_glass": "2019-03-01 19:17:13 -0500"
    },
    "done": true
  },
  "minecraft:recipes/decorations/glass_pane": {
    "criteria": {
      "has_glass": "2019-03-01 19:17:13 -0500"
    },
    "done": true
  },
  "minecraft:recipes/misc/diamond": {
    "criteria": {
      "has_diamond_block": "2019-03-05 13:23:10 -0500"
    },
    "done": true
  },
  "minecraft:recipes/misc/gold_nugget_from_smelting": {
    "criteria": {
      "has_golden_hoe": "2019-03-04 12:49:09 -0500"
    },
    "done": true
  },
  "minecraft:recipes/building_blocks/magenta_stained_glass": {
    "criteria": {
      "has_glass": "2019-03-01 19:17:13 -0500"
    },
    "done": true
  },
  "minecraft:recipes/building_blocks/acacia_stairs": {
    "criteria": {
      "has_planks": "2019-03-04 20:37:35 -0500"
    },
    "done": true
  },
  "minecraft:recipes/transportation/oak_boat": {
    "criteria": {
      "in_water": "2019-03-04 20:02:07 -0500"
    },
    "done": true
  },
  "minecraft:recipes/decorations/anvil": {
    "criteria": {
      "has_iron_block": "2019-03-01 19:20:03 -0500"
    },
    "done": true
  },
  "minecraft:recipes/building_blocks/light_blue_stained_glass": {
    "criteria": {
      "has_glass": "2019-03-01 19:17:13 -0500"
    },
    "done": true
  },
  "minecraft:recipes/decorations/light_blue_bed": {
    "criteria": {
      "has_light_blue_wool": "2019-03-04 20:09:10 -0500"
    },
    "done": true
  },
  "minecraft:recipes/building_blocks/orange_concrete_powder": {
    "criteria": {
      "has_gravel": "2019-03-05 13:35:10 -0500"
    },
    "done": true
  },
  "minecraft:recipes/building_blocks/pink_stained_glass": {
    "criteria": {
      "has_glass": "2019-03-01 19:17:13 -0500"
    },
    "done": true
  },
  "minecraft:recipes/building_blocks/cyan_concrete_powder": {
    "criteria": {
      "has_gravel": "2019-03-05 13:35:10 -0500"
    },
    "done": true
  },
  "minecraft:recipes/decorations/light_gray_stained_glass_pane": {
    "criteria": {
      "has_glass": "2019-03-01 19:17:13 -0500"
    },
    "done": true
  },
  "minecraft:recipes/decorations/blue_stained_glass_pane": {
    "criteria": {
      "has_glass": "2019-03-01 19:17:13 -0500"
    },
    "done": true
  }
}