{
  "minecraft:recipes/decorations/purple_stained_glass_pane": {
    "criteria": {
      "has_glass": "2019-10-11 11:23:01 -0400"
    },
    "done": true
  },
  "minecraft:recipes/food/cooked_mutton_from_campfire_cooking": {
    "criteria": {
      "has_mutton": "2019-10-26 20:09:44 -0400"
    },
    "done": true
  },
  "minecraft:recipes/building_blocks/black_stained_glass": {
    "criteria": {
      "has_glass": "2019-10-11 11:23:01 -0400"
    },
    "done": true
  },
  "minecraft:recipes/building_blocks/brick_stairs_from_bricks_stonecutting": {
    "criteria": {
      "has_bricks": "2019-10-11 17:57:19 -0400"
    },
    "done": true
  },
  "minecraft:recipes/building_blocks/purple_wool": {
    "criteria": {
      "has_white_wool": "2019-10-26 20:09:45 -0400"
    },
    "done": true
  },
  "minecraft:recipes/building_blocks/quartz_pillar": {
    "criteria": {
      "has_quartz_block": "2019-10-16 21:19:24 -0400"
    },
    "done": true
  },
  "minecraft:recipes/redstone/lever": {
    "criteria": {
      "has_cobblestone": "2019-10-28 20:49:03 -0400"
    },
    "done": true
  },
  "minecraft:recipes/building_blocks/cobblestone_stairs_from_cobblestone_stonecutting": {
    "criteria": {
      "has_cobblestone": "2019-10-28 20:49:03 -0400"
    },
    "done": true
  },
  "minecraft:recipes/building_blocks/magenta_concrete_powder": {
    "criteria": {
      "has_gravel": "2019-10-11 18:38:02 -0400"
    },
    "done": true
  },
  "minecraft:recipes/redstone/acacia_button": {
    "criteria": {
      "has_planks": "2019-10-26 21:15:23 -0400"
    },
    "done": true
  },
  "minecraft:recipes/decorations/brick_wall": {
    "criteria": {
      "has_bricks": "2019-10-11 17:57:19 -0400"
    },
    "done": true
  },
  "minecraft:recipes/decorations/gray_glazed_terracotta": {
    "criteria": {
      "has_gray_terracotta": "2019-10-12 23:34:09 -0400"
    },
    "done": true
  },
  "minecraft:recipes/building_blocks/stone_bricks": {
    "criteria": {
      "has_stone": "2019-11-04 21:50:05 -0500"
    },
    "done": true
  },
  "minecraft:recipes/redstone/spruce_door": {
    "criteria": {
      "has_planks": "2019-10-13 00:35:54 -0400"
    },
    "done": true
  },
  "minecraft:recipes/decorations/white_bed": {
    "criteria": {
      "has_white_wool": "2019-10-26 20:09:45 -0400"
    },
    "done": true
  },
  "minecraft:recipes/building_blocks/polished_andesite_stairs_from_andesite_stonecutting": {
    "criteria": {
      "has_andesite": "2019-11-07 16:17:38 -0500"
    },
    "done": true
  },
  "minecraft:recipes/building_blocks/lime_concrete_powder": {
    "criteria": {
      "has_gravel": "2019-10-11 18:38:02 -0400"
    },
    "done": true
  },
  "minecraft:recipes/decorations/yellow_stained_glass_pane_from_glass_pane": {
    "criteria": {
      "has_glass_pane": "2019-10-12 21:31:19 -0400"
    },
    "done": true
  },
  "minecraft:recipes/building_blocks/gray_stained_glass": {
    "criteria": {
      "has_glass": "2019-10-11 11:23:01 -0400"
    },
    "done": true
  },
  "minecraft:nether/root": {
    "criteria": {
      "entered_nether": "2019-10-17 15:34:31 -0400"
    },
    "done": true
  },
  "minecraft:recipes/building_blocks/yellow_concrete_powder": {
    "criteria": {
      "has_gravel": "2019-10-11 18:38:02 -0400"
    },
    "done": true
  },
  "minecraft:recipes/redstone/spruce_fence_gate": {
    "criteria": {
      "has_planks": "2019-10-13 00:35:54 -0400"
    },
    "done": true
  },
  "minecraft:recipes/combat/leather_helmet": {
    "criteria": {
      "has_leather": "2019-10-21 22:36:34 -0400"
    },
    "done": true
  },
  "minecraft:recipes/redstone/birch_pressure_plate": {
    "criteria": {
      "has_planks": "2019-10-18 15:14:18 -0400"
    },
    "done": true
  },
  "minecraft:recipes/decorations/campfire": {
    "criteria": {
      "has_stick": "2019-10-13 00:05:43 -0400"
    },
    "done": true
  },
  "minecraft:recipes/decorations/crafting_table": {
    "criteria": {
      "has_planks": "2019-10-13 00:35:54 -0400"
    },
    "done": true
  },
  "minecraft:recipes/redstone/redstone": {
    "criteria": {
      "has_at_least_9_redstone": "2019-10-21 22:12:17 -0400"
    },
    "done": true
  },
  "minecraft:recipes/building_blocks/magenta_wool": {
    "criteria": {
      "has_white_wool": "2019-10-26 20:09:45 -0400"
    },
    "done": true
  },
  "minecraft:recipes/building_blocks/purple_stained_glass": {
    "criteria": {
      "has_glass": "2019-10-11 11:23:01 -0400"
    },
    "done": true
  },
  "minecraft:recipes/building_blocks/smooth_stone": {
    "criteria": {
      "has_stone": "2019-11-04 21:50:05 -0500"
    },
    "done": true
  },
  "minecraft:recipes/decorations/blast_furnace": {
    "criteria": {
      "has_smooth_stone": "2019-10-11 11:38:52 -0400"
    },
    "done": true
  },
  "minecraft:recipes/decorations/lime_stained_glass_pane": {
    "criteria": {
      "has_glass": "2019-10-11 11:23:01 -0400"
    },
    "done": true
  },
  "minecraft:recipes/decorations/ladder": {
    "criteria": {
      "has_stick": "2019-10-13 00:05:43 -0400"
    },
    "done": true
  },
  "minecraft:recipes/decorations/chest": {
    "criteria": {
      "has_lots_of_items": "2019-10-11 11:23:01 -0400"
    },
    "done": true
  },
  "minecraft:story/shiny_gear": {
    "criteria": {
      "diamond_boots": "2019-10-28 14:01:00 -0400"
    },
    "done": true
  },
  "minecraft:recipes/decorations/magenta_stained_glass_pane": {
    "criteria": {
      "has_glass": "2019-10-11 11:23:01 -0400"
    },
    "done": true
  },
  "minecraft:recipes/building_blocks/brown_concrete_powder": {
    "criteria": {
      "has_gravel": "2019-10-11 18:38:02 -0400"
    },
    "done": true
  },
  "minecraft:end/elytra": {
    "criteria": {
      "elytra": "2019-10-21 21:09:57 -0400"
    },
    "done": true
  },
  "minecraft:recipes/building_blocks/stone_slab_from_stone_stonecutting": {
    "criteria": {
      "has_stone": "2019-11-04 21:50:05 -0500"
    },
    "done": true
  },
  "minecraft:recipes/building_blocks/chiseled_stone_bricks_stone_from_stonecutting": {
    "criteria": {
      "has_stone": "2019-11-04 21:50:05 -0500"
    },
    "done": true
  },
  "minecraft:recipes/redstone/spruce_button": {
    "criteria": {
      "has_planks": "2019-10-13 00:35:54 -0400"
    },
    "done": true
  },
  "minecraft:recipes/tools/wooden_shovel": {
    "criteria": {
      "has_stick": "2019-10-13 00:05:43 -0400"
    },
    "done": true
  },
  "minecraft:recipes/misc/bone_meal_from_bone_block": {
    "criteria": {
      "has_at_least_9_bonemeal": "2019-10-11 11:23:01 -0400"
    },
    "done": true
  },
  "minecraft:recipes/decorations/blue_stained_glass_pane_from_glass_pane": {
    "criteria": {
      "has_blue_dye": "2019-10-11 11:24:39 -0400"
    },
    "done": true
  },
  "minecraft:recipes/decorations/cyan_stained_glass_pane": {
    "criteria": {
      "has_glass": "2019-10-11 11:23:01 -0400"
    },
    "done": true
  },
  "minecraft:recipes/decorations/black_carpet_from_white_carpet": {
    "criteria": {
      "has_white_carpet": "2019-10-11 21:10:59 -0400"
    },
    "done": true
  },
  "minecraft:recipes/decorations/purple_carpet_from_white_carpet": {
    "criteria": {
      "has_white_carpet": "2019-10-11 21:10:59 -0400"
    },
    "done": true
  },
  "minecraft:recipes/building_blocks/blue_stained_glass": {
    "criteria": {
      "has_glass": "2019-10-11 11:23:01 -0400"
    },
    "done": true
  },
  "minecraft:recipes/building_blocks/cyan_wool": {
    "criteria": {
      "has_white_wool": "2019-10-26 20:09:45 -0400"
    },
    "done": true
  },
  "minecraft:recipes/misc/white_dye": {
    "criteria": {
      "has_bone_meal": "2019-10-11 11:23:01 -0400"
    },
    "done": true
  },
  "minecraft:recipes/decorations/red_carpet_from_white_carpet": {
    "criteria": {
      "has_red_dye": "2019-10-11 11:24:40 -0400"
    },
    "done": true
  },
  "minecraft:recipes/misc/stick": {
    "criteria": {
      "has_planks": "2019-10-13 00:35:54 -0400"
    },
    "done": true
  },
  "minecraft:recipes/redstone/redstone_lamp": {
    "criteria": {
      "has_glowstone": "2019-10-22 00:25:22 -0400"
    },
    "done": true
  },
  "minecraft:recipes/building_blocks/stone_brick_slab_from_stone_stonecutting": {
    "criteria": {
      "has_stone": "2019-11-04 21:50:05 -0500"
    },
    "done": true
  },
  "minecraft:recipes/transportation/spruce_boat": {
    "criteria": {
      "in_water": "2019-10-16 22:05:18 -0400"
    },
    "done": true
  },
  "minecraft:recipes/building_blocks/smooth_sandstone_stairs_from_smooth_sandstone_stonecutting": {
    "criteria": {
      "has_mossy_cobblestone": "2019-10-17 17:12:09 -0400"
    },
    "done": true
  },
  "minecraft:recipes/building_blocks/smooth_quartz_slab_from_smooth_quartz_stonecutting": {
    "criteria": {
      "has_smooth_quartz": "2019-10-13 00:30:45 -0400"
    },
    "done": true
  },
  "minecraft:recipes/building_blocks/quartz_stairs_from_quartz_block_stonecutting": {
    "criteria": {
      "has_quartz_block": "2019-10-16 21:19:24 -0400"
    },
    "done": true
  },
  "minecraft:recipes/building_blocks/gray_wool": {
    "criteria": {
      "has_white_wool": "2019-10-26 20:09:45 -0400"
    },
    "done": true
  },
  "minecraft:recipes/building_blocks/polished_granite_from_granite_stonecutting": {
    "criteria": {
      "has_granite": "2019-11-04 20:04:08 -0500"
    },
    "done": true
  },
  "minecraft:recipes/building_blocks/sandstone_stairs": {
    "criteria": {
      "has_cut_sandstone": "2019-10-30 23:49:38 -0400"
    },
    "done": true
  },
  "minecraft:recipes/tools/wooden_hoe": {
    "criteria": {
      "has_stick": "2019-10-13 00:05:43 -0400"
    },
    "done": true
  },
  "minecraft:recipes/building_blocks/smooth_sandstone_slab_from_smooth_sandstone_stonecutting": {
    "criteria": {
      "has_smooth_sandstone": "2019-10-17 17:12:09 -0400"
    },
    "done": true
  },
  "minecraft:recipes/building_blocks/cobblestone_slab": {
    "criteria": {
      "has_cobblestone": "2019-10-28 20:49:03 -0400"
    },
    "done": true
  },
  "minecraft:recipes/building_blocks/cobblestone_stairs": {
    "criteria": {
      "has_cobblestone": "2019-10-28 20:49:03 -0400"
    },
    "done": true
  },
  "minecraft:recipes/building_blocks/birch_slab": {
    "criteria": {
      "has_planks": "2019-10-18 15:14:18 -0400"
    },
    "done": true
  },
  "minecraft:recipes/building_blocks/coarse_dirt": {
    "criteria": {
      "has_gravel": "2019-10-11 18:38:02 -0400"
    },
    "done": true
  },
  "minecraft:recipes/decorations/granite_wall": {
    "criteria": {
      "has_granite": "2019-11-04 20:04:08 -0500"
    },
    "done": true
  },
  "minecraft:recipes/redstone/note_block": {
    "criteria": {
      "has_redstone": "2019-10-21 22:10:09 -0400"
    },
    "done": true
  },
  "minecraft:recipes/decorations/orange_stained_glass_pane": {
    "criteria": {
      "has_glass": "2019-10-11 11:23:01 -0400"
    },
    "done": true
  },
  "minecraft:recipes/decorations/white_banner": {
    "criteria": {
      "has_white_wool": "2019-10-26 20:09:45 -0400"
    },
    "done": true
  },
  "minecraft:recipes/decorations/green_stained_glass_pane_from_glass_pane": {
    "criteria": {
      "has_glass_pane": "2019-10-12 21:31:20 -0400"
    },
    "done": true
  },
  "minecraft:recipes/building_blocks/light_gray_concrete_powder": {
    "criteria": {
      "has_gravel": "2019-10-11 18:38:02 -0400"
    },
    "done": true
  },
  "minecraft:recipes/building_blocks/light_blue_concrete_powder": {
    "criteria": {
      "has_gravel": "2019-10-11 18:38:02 -0400"
    },
    "done": true
  },
  "minecraft:recipes/misc/lime_dye": {
    "criteria": {
      "has_white_dye": "2019-10-11 11:24:33 -0400"
    },
    "done": true
  },
  "minecraft:recipes/building_blocks/prismarine_brick_slab": {
    "criteria": {
      "has_prismarine_bricks": "2019-11-07 22:23:08 -0500"
    },
    "done": true
  },
  "minecraft:recipes/misc/leather_horse_armor": {
    "criteria": {
      "has_leather": "2019-10-21 22:36:34 -0400"
    },
    "done": true
  },
  "minecraft:recipes/decorations/white_glazed_terracotta": {
    "criteria": {
      "has_white_terracotta": "2019-10-11 17:05:30 -0400"
    },
    "done": true
  },
  "minecraft:recipes/combat/leather_leggings": {
    "criteria": {
      "has_leather": "2019-10-21 22:36:34 -0400"
    },
    "done": true
  },
  "minecraft:recipes/building_blocks/pink_concrete_powder": {
    "criteria": {
      "has_gravel": "2019-10-11 18:38:02 -0400"
    },
    "done": true
  },
  "minecraft:recipes/misc/magenta_dye_from_blue_red_white_dye": {
    "criteria": {
      "has_white_dye": "2019-10-11 11:24:33 -0400"
    },
    "done": true
  },
  "minecraft:recipes/building_blocks/prismarine_brick_stairs": {
    "criteria": {
      "has_prismarine_bricks": "2019-11-07 22:23:08 -0500"
    },
    "done": true
  },
  "minecraft:recipes/decorations/black_stained_glass_pane": {
    "criteria": {
      "has_glass": "2019-10-11 11:23:01 -0400"
    },
    "done": true
  },
  "minecraft:recipes/building_blocks/acacia_slab": {
    "criteria": {
      "has_planks": "2019-10-26 21:15:22 -0400"
    },
    "done": true
  },
  "minecraft:recipes/misc/composter": {
    "criteria": {
      "has_wooden_fences": "2019-10-11 17:35:52 -0400"
    },
    "done": true
  },
  "minecraft:recipes/building_blocks/yellow_stained_glass": {
    "criteria": {
      "has_glass": "2019-10-11 11:23:01 -0400"
    },
    "done": true
  },
  "minecraft:recipes/building_blocks/purple_concrete_powder": {
    "criteria": {
      "has_gravel": "2019-10-11 18:38:02 -0400"
    },
    "done": true
  },
  "minecraft:recipes/building_blocks/smooth_stone_slab": {
    "criteria": {
      "has_smooth_stone": "2019-10-11 11:38:52 -0400"
    },
    "done": true
  },
  "minecraft:recipes/decorations/acacia_fence": {
    "criteria": {
      "has_planks": "2019-10-26 21:15:22 -0400"
    },
    "done": true
  },
  "minecraft:recipes/building_blocks/stone_stairs_from_stone_stonecutting": {
    "criteria": {
      "has_stone": "2019-11-04 21:50:05 -0500"
    },
    "done": true
  },
  "minecraft:recipes/building_blocks/andesite_stairs_from_andesite_stonecutting": {
    "criteria": {
      "has_andesite": "2019-11-07 16:17:38 -0500"
    },
    "done": true
  },
  "minecraft:recipes/building_blocks/brick_stairs": {
    "criteria": {
      "has_brick_block": "2019-10-11 17:57:19 -0400"
    },
    "done": true
  },
  "minecraft:recipes/building_blocks/blue_wool": {
    "criteria": {
      "has_white_wool": "2019-10-26 20:09:45 -0400"
    },
    "done": true
  },
  "minecraft:story/mine_stone": {
    "criteria": {
      "get_stone": "2019-10-28 20:49:03 -0400"
    },
    "done": true
  },
  "minecraft:recipes/decorations/cyan_carpet_from_white_carpet": {
    "criteria": {
      "has_white_carpet": "2019-10-11 21:10:59 -0400"
    },
    "done": true
  },
  "minecraft:recipes/decorations/furnace": {
    "criteria": {
      "has_cobblestone": "2019-10-28 20:49:03 -0400"
    },
    "done": true
  },
  "minecraft:recipes/decorations/orange_glazed_terracotta": {
    "criteria": {
      "has_orange_terracotta": "2019-10-16 21:23:30 -0400"
    },
    "done": true
  },
  "minecraft:recipes/brewing/cauldron": {
    "criteria": {
      "has_water_bucket": "2019-10-21 22:26:59 -0400"
    },
    "done": true
  },
  "minecraft:recipes/decorations/gray_stained_glass_pane": {
    "criteria": {
      "has_glass": "2019-10-11 11:23:01 -0400"
    },
    "done": true
  },
  "minecraft:recipes/decorations/armor_stand": {
    "criteria": {
      "has_stone_slab": "2019-10-11 18:29:43 -0400"
    },
    "done": true
  },
  "minecraft:recipes/building_blocks/red_stained_glass": {
    "criteria": {
      "has_glass": "2019-10-11 11:23:01 -0400"
    },
    "done": true
  },
  "minecraft:recipes/misc/charcoal": {
    "criteria": {
      "has_log": "2019-10-12 23:22:18 -0400"
    },
    "done": true
  },
  "minecraft:adventure/sleep_in_bed": {
    "criteria": {
      "slept_in_bed": "2019-10-16 21:32:16 -0400"
    },
    "done": true
  },
  "minecraft:recipes/building_blocks/andesite_stairs": {
    "criteria": {
      "has_andesite": "2019-11-07 16:17:38 -0500"
    },
    "done": true
  },
  "minecraft:recipes/building_blocks/spruce_planks": {
    "criteria": {
      "has_log": "2019-10-28 20:35:58 -0400"
    },
    "done": true
  },
  "minecraft:recipes/decorations/green_stained_glass_pane": {
    "criteria": {
      "has_glass": "2019-10-11 11:23:01 -0400"
    },
    "done": true
  },
  "minecraft:recipes/decorations/lime_stained_glass_pane_from_glass_pane": {
    "criteria": {
      "has_glass_pane": "2019-10-12 21:31:19 -0400"
    },
    "done": true
  },
  "minecraft:recipes/building_blocks/orange_wool": {
    "criteria": {
      "has_white_wool": "2019-10-26 20:09:45 -0400"
    },
    "done": true
  },
  "minecraft:recipes/tools/wooden_pickaxe": {
    "criteria": {
      "has_stick": "2019-10-13 00:05:43 -0400"
    },
    "done": true
  },
  "minecraft:recipes/building_blocks/cobblestone_slab_from_cobblestone_stonecutting": {
    "criteria": {
      "has_cobblestone": "2019-10-28 20:49:03 -0400"
    },
    "done": true
  },
  "minecraft:husbandry/root": {
    "criteria": {
      "consumed_item": "2019-10-11 14:05:02 -0400"
    },
    "done": true
  },
  "minecraft:recipes/redstone/redstone_torch": {
    "criteria": {
      "has_redstone": "2019-10-21 22:10:09 -0400"
    },
    "done": true
  },
  "minecraft:recipes/transportation/birch_boat": {
    "criteria": {
      "in_water": "2019-10-16 22:05:18 -0400"
    },
    "done": true
  },
  "minecraft:recipes/building_blocks/quartz_stairs": {
    "criteria": {
      "has_quartz_block": "2019-10-16 21:19:24 -0400"
    },
    "done": true
  },
  "minecraft:recipes/building_blocks/polished_granite_slab_from_granite_stonecutting": {
    "criteria": {
      "has_granite": "2019-11-04 20:04:08 -0500"
    },
    "done": true
  },
  "minecraft:recipes/building_blocks/polished_andesite_slab_from_andesite_stonecutting": {
    "criteria": {
      "has_andesite": "2019-11-07 16:17:38 -0500"
    },
    "done": true
  },
  "minecraft:recipes/building_blocks/green_concrete_powder": {
    "criteria": {
      "has_gravel": "2019-10-11 18:38:02 -0400"
    },
    "done": true
  },
  "minecraft:recipes/building_blocks/polished_andesite_from_andesite_stonecutting": {
    "criteria": {
      "has_andesite": "2019-11-07 16:17:38 -0500"
    },
    "done": true
  },
  "minecraft:recipes/transportation/acacia_boat": {
    "criteria": {
      "in_water": "2019-10-16 22:05:18 -0400"
    },
    "done": true
  },
  "minecraft:recipes/redstone/acacia_door": {
    "criteria": {
      "has_planks": "2019-10-26 21:15:22 -0400"
    },
    "done": true
  },
  "minecraft:recipes/decorations/light_blue_carpet_from_white_carpet": {
    "criteria": {
      "has_white_carpet": "2019-10-11 21:10:59 -0400"
    },
    "done": true
  },
  "minecraft:recipes/decorations/birch_sign": {
    "criteria": {
      "has_birch_planks": "2019-10-18 15:14:18 -0400"
    },
    "done": true
  },
  "minecraft:recipes/building_blocks/orange_stained_glass": {
    "criteria": {
      "has_glass": "2019-10-11 11:23:01 -0400"
    },
    "done": true
  },
  "minecraft:recipes/building_blocks/smooth_quartz_slab": {
    "criteria": {
      "has_smooth_quartz": "2019-10-13 00:30:45 -0400"
    },
    "done": true
  },
  "minecraft:adventure/root": {
    "criteria": {
      "killed_something": "2019-10-16 22:25:52 -0400"
    },
    "done": true
  },
  "minecraft:recipes/building_blocks/white_concrete_powder": {
    "criteria": {
      "has_gravel": "2019-10-11 18:38:02 -0400"
    },
    "done": true
  },
  "minecraft:recipes/decorations/item_frame": {
    "criteria": {
      "has_leather": "2019-10-21 22:36:34 -0400"
    },
    "done": true
  },
  "minecraft:recipes/building_blocks/stone_brick_stairs_from_stone_stonecutting": {
    "criteria": {
      "has_stone": "2019-11-04 21:50:05 -0500"
    },
    "done": true
  },
  "minecraft:end/kill_dragon": {
    "criteria": {
      "killed_dragon": "2019-10-16 22:25:52 -0400"
    },
    "done": true
  },
  "minecraft:recipes/tools/clock": {
    "criteria": {
      "has_redstone": "2019-10-21 22:10:09 -0400"
    },
    "done": true
  },
  "minecraft:recipes/tools/stone_hoe": {
    "criteria": {
      "has_cobblestone": "2019-10-28 20:49:03 -0400"
    },
    "done": true
  },
  "minecraft:recipes/decorations/spruce_fence": {
    "criteria": {
      "has_planks": "2019-10-13 00:35:54 -0400"
    },
    "done": true
  },
  "minecraft:recipes/decorations/white_stained_glass_pane": {
    "criteria": {
      "has_glass": "2019-10-11 11:23:01 -0400"
    },
    "done": true
  },
  "minecraft:recipes/decorations/brown_glazed_terracotta": {
    "criteria": {
      "has_brown_terracotta": "2019-10-12 23:33:40 -0400"
    },
    "done": true
  },
  "minecraft:recipes/building_blocks/chiseled_quartz_block_from_quartz_block_stonecutting": {
    "criteria": {
      "has_quartz_block": "2019-10-16 21:19:24 -0400"
    },
    "done": true
  },
  "minecraft:recipes/decorations/end_crystal": {
    "criteria": {
      "has_ender_eye": "2019-10-16 22:04:46 -0400"
    },
    "done": true
  },
  "minecraft:story/enter_the_nether": {
    "criteria": {
      "entered_nether": "2019-10-17 15:34:31 -0400"
    },
    "done": true
  },
  "minecraft:recipes/decorations/red_glazed_terracotta": {
    "criteria": {
      "has_red_terracotta": "2019-10-13 00:30:05 -0400"
    },
    "done": true
  },
  "minecraft:recipes/redstone/redstone_block": {
    "criteria": {
      "has_at_least_9_redstone": "2019-10-21 22:12:17 -0400"
    },
    "done": true
  },
  "minecraft:recipes/building_blocks/granite_slab": {
    "criteria": {
      "has_granite": "2019-11-04 20:04:08 -0500"
    },
    "done": true
  },
  "minecraft:recipes/building_blocks/smooth_sandstone_stairs": {
    "criteria": {
      "has_smooth_sandstone": "2019-10-17 17:12:09 -0400"
    },
    "done": true
  },
  "minecraft:recipes/decorations/brown_stained_glass_pane_from_glass_pane": {
    "criteria": {
      "has_glass_pane": "2019-10-12 21:31:19 -0400"
    },
    "done": true
  },
  "minecraft:recipes/building_blocks/lime_stained_glass": {
    "criteria": {
      "has_glass": "2019-10-11 11:23:01 -0400"
    },
    "done": true
  },
  "minecraft:recipes/decorations/ender_chest": {
    "criteria": {
      "has_ender_eye": "2019-10-16 22:04:46 -0400"
    },
    "done": true
  },
  "minecraft:recipes/decorations/white_carpet": {
    "criteria": {
      "has_white_wool": "2019-10-26 20:09:45 -0400"
    },
    "done": true
  },
  "minecraft:recipes/decorations/pink_stained_glass_pane": {
    "criteria": {
      "has_glass": "2019-10-11 11:23:01 -0400"
    },
    "done": true
  },
  "minecraft:recipes/decorations/magenta_carpet_from_white_carpet": {
    "criteria": {
      "has_white_carpet": "2019-10-11 21:10:59 -0400"
    },
    "done": true
  },
  "minecraft:recipes/decorations/lime_carpet_from_white_carpet": {
    "criteria": {
      "has_white_carpet": "2019-10-11 21:10:59 -0400"
    },
    "done": true
  },
  "minecraft:recipes/decorations/black_stained_glass_pane_from_glass_pane": {
    "criteria": {
      "has_glass_pane": "2019-10-12 21:31:19 -0400"
    },
    "done": true
  },
  "minecraft:recipes/building_blocks/spruce_stairs": {
    "criteria": {
      "has_planks": "2019-10-13 00:35:54 -0400"
    },
    "done": true
  },
  "minecraft:recipes/food/cooked_mutton_from_smoking": {
    "criteria": {
      "has_mutton": "2019-10-26 20:09:44 -0400"
    },
    "done": true
  },
  "minecraft:recipes/decorations/pink_stained_glass_pane_from_glass_pane": {
    "criteria": {
      "has_glass_pane": "2019-10-12 21:31:20 -0400"
    },
    "done": true
  },
  "minecraft:recipes/redstone/birch_door": {
    "criteria": {
      "has_planks": "2019-10-18 15:14:18 -0400"
    },
    "done": true
  },
  "minecraft:recipes/building_blocks/quartz_pillar_from_quartz_block_stonecutting": {
    "criteria": {
      "has_quartz_block": "2019-10-16 21:19:24 -0400"
    },
    "done": true
  },
  "minecraft:recipes/building_blocks/jack_o_lantern": {
    "criteria": {
      "has_carved_pumpkin": "2019-11-04 21:38:33 -0500"
    },
    "done": true
  },
  "minecraft:recipes/decorations/glass_pane": {
    "criteria": {
      "has_glass": "2019-10-11 11:23:01 -0400"
    },
    "done": true
  },
  "minecraft:recipes/decorations/brick_wall_from_bricks_stonecutting": {
    "criteria": {
      "has_bricks": "2019-10-11 17:57:19 -0400"
    },
    "done": true
  },
  "minecraft:recipes/decorations/granite_wall_from_granite_stonecutting": {
    "criteria": {
      "has_granite": "2019-11-04 20:04:08 -0500"
    },
    "done": true
  },
  "minecraft:recipes/building_blocks/smooth_quartz": {
    "criteria": {
      "has_quartz_block": "2019-10-16 21:19:24 -0400"
    },
    "done": true
  },
  "minecraft:recipes/building_blocks/magenta_stained_glass": {
    "criteria": {
      "has_glass": "2019-10-11 11:23:01 -0400"
    },
    "done": true
  },
  "minecraft:recipes/misc/light_blue_dye_from_blue_white_dye": {
    "criteria": {
      "has_white_dye": "2019-10-11 11:24:33 -0400"
    },
    "done": true
  },
  "minecraft:recipes/decorations/green_carpet_from_white_carpet": {
    "criteria": {
      "has_white_carpet": "2019-10-11 21:10:59 -0400"
    },
    "done": true
  },
  "minecraft:recipes/building_blocks/polished_granite_stairs_from_granite_stonecutting": {
    "criteria": {
      "has_granite": "2019-11-04 20:04:08 -0500"
    },
    "done": true
  },
  "minecraft:recipes/decorations/red_stained_glass_pane_from_glass_pane": {
    "criteria": {
      "has_red_dye": "2019-10-11 11:24:40 -0400"
    },
    "done": true
  },
  "minecraft:recipes/transportation/oak_boat": {
    "criteria": {
      "in_water": "2019-10-16 22:05:18 -0400"
    },
    "done": true
  },
  "minecraft:recipes/decorations/anvil": {
    "criteria": {
      "has_iron_block": "2019-10-16 21:18:13 -0400"
    },
    "done": true
  },
  "minecraft:recipes/building_blocks/light_blue_stained_glass": {
    "criteria": {
      "has_glass": "2019-10-11 11:23:01 -0400"
    },
    "done": true
  },
  "minecraft:recipes/decorations/birch_fence": {
    "criteria": {
      "has_planks": "2019-10-18 15:14:18 -0400"
    },
    "done": true
  },
  "minecraft:recipes/building_blocks/orange_concrete_powder": {
    "criteria": {
      "has_gravel": "2019-10-11 18:38:02 -0400"
    },
    "done": true
  },
  "minecraft:recipes/building_blocks/cyan_concrete_powder": {
    "criteria": {
      "has_gravel": "2019-10-11 18:38:02 -0400"
    },
    "done": true
  },
  "minecraft:recipes/decorations/light_gray_carpet_from_white_carpet": {
    "criteria": {
      "has_white_carpet": "2019-10-11 21:10:59 -0400"
    },
    "done": true
  },
  "minecraft:recipes/decorations/blue_stained_glass_pane": {
    "criteria": {
      "has_glass": "2019-10-11 11:23:01 -0400"
    },
    "done": true
  },
  "minecraft:recipes/decorations/magenta_stained_glass_pane_from_glass_pane": {
    "criteria": {
      "has_glass_pane": "2019-10-12 21:31:19 -0400"
    },
    "done": true
  },
  "minecraft:recipes/building_blocks/smooth_stone_slab_from_smooth_stone_stonecutting": {
    "criteria": {
      "has_smooth_stone": "2019-10-11 11:38:52 -0400"
    },
    "done": true
  },
  "minecraft:recipes/misc/pink_dye_from_red_white_dye": {
    "criteria": {
      "has_white_dye": "2019-10-11 11:24:33 -0400"
    },
    "done": true
  },
  "minecraft:recipes/tools/wooden_axe": {
    "criteria": {
      "has_stick": "2019-10-13 00:05:43 -0400"
    },
    "done": true
  },
  "minecraft:recipes/decorations/spruce_sign": {
    "criteria": {
      "has_spruce_planks": "2019-10-13 00:35:54 -0400"
    },
    "done": true
  },
  "minecraft:recipes/building_blocks/lime_wool": {
    "criteria": {
      "has_white_wool": "2019-10-26 20:09:45 -0400"
    },
    "done": true
  },
  "minecraft:recipes/building_blocks/granite_stairs": {
    "criteria": {
      "has_granite": "2019-11-04 20:04:08 -0500"
    },
    "done": true
  },
  "minecraft:recipes/misc/cyan_dye": {
    "criteria": {
      "has_blue_dye": "2019-10-11 11:24:39 -0400"
    },
    "done": true
  },
  "minecraft:recipes/decorations/cyan_glazed_terracotta": {
    "criteria": {
      "has_cyan_terracotta": "2019-10-11 11:36:47 -0400"
    },
    "done": true
  },
  "minecraft:recipes/brewing/blaze_powder": {
    "criteria": {
      "has_blaze_rod": "2019-10-17 15:30:11 -0400"
    },
    "done": true
  },
  "minecraft:end/root": {
    "criteria": {
      "entered_end": "2019-10-16 21:02:18 -0400"
    },
    "done": true
  },
  "minecraft:recipes/building_blocks/black_wool": {
    "criteria": {
      "has_white_wool": "2019-10-26 20:09:45 -0400"
    },
    "done": true
  },
  "minecraft:recipes/building_blocks/stone_bricks_from_stone_stonecutting": {
    "criteria": {
      "has_stone": "2019-11-04 21:50:05 -0500"
    },
    "done": true
  },
  "minecraft:recipes/building_blocks/green_wool": {
    "criteria": {
      "has_white_wool": "2019-10-26 20:09:45 -0400"
    },
    "done": true
  },
  "minecraft:recipes/redstone/acacia_pressure_plate": {
    "criteria": {
      "has_planks": "2019-10-26 21:15:22 -0400"
    },
    "done": true
  },
  "minecraft:recipes/brewing/glass_bottle": {
    "criteria": {
      "has_glass": "2019-10-11 11:23:01 -0400"
    },
    "done": true
  },
  "minecraft:recipes/building_blocks/brown_wool": {
    "criteria": {
      "has_white_wool": "2019-10-26 20:09:45 -0400"
    },
    "done": true
  },
  "minecraft:recipes/decorations/light_blue_stained_glass_pane": {
    "criteria": {
      "has_glass": "2019-10-11 11:23:01 -0400"
    },
    "done": true
  },
  "minecraft:recipes/decorations/scaffolding": {
    "criteria": {
      "has_bamboo": "2019-10-17 15:29:50 -0400"
    },
    "done": true
  },
  "minecraft:recipes/decorations/light_gray_glazed_terracotta": {
    "criteria": {
      "has_light_gray_terracotta": "2019-10-17 17:10:24 -0400"
    },
    "done": true
  },
  "minecraft:recipes/decorations/cyan_stained_glass_pane_from_glass_pane": {
    "criteria": {
      "has_glass_pane": "2019-10-12 21:31:19 -0400"
    },
    "done": true
  },
  "minecraft:recipes/redstone/birch_button": {
    "criteria": {
      "has_planks": "2019-10-18 15:14:18 -0400"
    },
    "done": true
  },
  "minecraft:recipes/building_blocks/quartz_slab": {
    "criteria": {
      "has_quartz_block": "2019-10-16 21:19:24 -0400"
    },
    "done": true
  },
  "minecraft:recipes/decorations/painting": {
    "criteria": {
      "has_wool": "2019-10-26 20:09:45 -0400"
    },
    "done": true
  },
  "minecraft:recipes/building_blocks/white_stained_glass": {
    "criteria": {
      "has_glass": "2019-10-11 11:23:01 -0400"
    },
    "done": true
  },
  "minecraft:recipes/misc/red_dye_from_poppy": {
    "criteria": {
      "has_red_flower": "2019-10-11 11:23:01 -0400"
    },
    "done": true
  },
  "minecraft:recipes/decorations/blue_glazed_terracotta": {
    "criteria": {
      "has_blue_terracotta": "2019-10-16 21:24:19 -0400"
    },
    "done": true
  },
  "minecraft:recipes/misc/nether_brick": {
    "criteria": {
      "has_netherrack": "2019-10-17 15:37:41 -0400"
    },
    "done": true
  },
  "minecraft:recipes/redstone/acacia_fence_gate": {
    "criteria": {
      "has_planks": "2019-10-26 21:15:22 -0400"
    },
    "done": true
  },
  "minecraft:recipes/building_blocks/stone_slab": {
    "criteria": {
      "has_stone": "2019-11-04 21:50:05 -0500"
    },
    "done": true
  },
  "minecraft:recipes/building_blocks/andesite_slab_from_andesite_stonecutting": {
    "criteria": {
      "has_andesite": "2019-11-07 16:17:38 -0500"
    },
    "done": true
  },
  "minecraft:recipes/building_blocks/spruce_wood": {
    "criteria": {
      "has_log": "2019-10-28 20:35:58 -0400"
    },
    "done": true
  },
  "minecraft:recipes/misc/yellow_dye_from_dandelion": {
    "criteria": {
      "has_yellow_flower": "2019-10-11 11:23:01 -0400"
    },
    "done": true
  },
  "minecraft:recipes/building_blocks/green_stained_glass": {
    "criteria": {
      "has_glass": "2019-10-11 11:23:01 -0400"
    },
    "done": true
  },
  "minecraft:recipes/building_blocks/light_blue_wool": {
    "criteria": {
      "has_white_wool": "2019-10-26 20:09:45 -0400"
    },
    "done": true
  },
  "minecraft:recipes/combat/wooden_sword": {
    "criteria": {
      "has_stick": "2019-10-13 00:05:43 -0400"
    },
    "done": true
  },
  "minecraft:recipes/tools/stone_shovel": {
    "criteria": {
      "has_cobblestone": "2019-10-28 20:49:03 -0400"
    },
    "done": true
  },
  "minecraft:recipes/decorations/yellow_stained_glass_pane": {
    "criteria": {
      "has_glass": "2019-10-11 11:23:01 -0400"
    },
    "done": true
  },
  "minecraft:recipes/building_blocks/oak_planks": {
    "criteria": {
      "has_log": "2019-10-12 23:22:18 -0400"
    },
    "done": true
  },
  "minecraft:recipes/building_blocks/blue_concrete_powder": {
    "criteria": {
      "has_gravel": "2019-10-11 18:38:02 -0400"
    },
    "done": true
  },
  "minecraft:recipes/building_blocks/gray_concrete_powder": {
    "criteria": {
      "has_gravel": "2019-10-11 18:38:02 -0400"
    },
    "done": true
  },
  "minecraft:recipes/building_blocks/cyan_stained_glass": {
    "criteria": {
      "has_glass": "2019-10-11 11:23:01 -0400"
    },
    "done": true
  },
  "minecraft:recipes/building_blocks/spruce_slab": {
    "criteria": {
      "has_planks": "2019-10-13 00:35:54 -0400"
    },
    "done": true
  },
  "minecraft:recipes/building_blocks/granite_slab_from_granite_stonecutting": {
    "criteria": {
      "has_granite": "2019-11-04 20:04:08 -0500"
    },
    "done": true
  },
  "minecraft:recipes/redstone/acacia_trapdoor": {
    "criteria": {
      "has_planks": "2019-10-26 21:15:22 -0400"
    },
    "done": true
  },
  "minecraft:recipes/building_blocks/quartz_slab_from_stonecutting": {
    "criteria": {
      "has_quartz_block": "2019-10-16 21:19:24 -0400"
    },
    "done": true
  },
  "minecraft:recipes/decorations/brown_carpet_from_white_carpet": {
    "criteria": {
      "has_white_carpet": "2019-10-11 21:10:59 -0400"
    },
    "done": true
  },
  "minecraft:recipes/building_blocks/chiseled_quartz_block": {
    "criteria": {
      "has_quartz_block": "2019-10-16 21:19:24 -0400"
    },
    "done": true
  },
  "minecraft:recipes/decorations/white_stained_glass_pane_from_glass_pane": {
    "criteria": {
      "has_white_dye": "2019-10-11 11:24:33 -0400"
    },
    "done": true
  },
  "minecraft:recipes/building_blocks/birch_planks": {
    "criteria": {
      "has_log": "2019-10-17 17:11:39 -0400"
    },
    "done": true
  },
  "minecraft:recipes/building_blocks/black_concrete_powder": {
    "criteria": {
      "has_gravel": "2019-10-11 18:38:02 -0400"
    },
    "done": true
  },
  "minecraft:recipes/building_blocks/brick_slab_from_bricks_stonecutting": {
    "criteria": {
      "has_bricks": "2019-10-11 17:57:19 -0400"
    },
    "done": true
  },
  "minecraft:recipes/building_blocks/prismarine_brick_slab_from_prismarine_stonecutting": {
    "criteria": {
      "has_prismarine_brick": "2019-11-07 22:23:08 -0500"
    },
    "done": true
  },
  "minecraft:recipes/decorations/orange_carpet_from_white_carpet": {
    "criteria": {
      "has_white_carpet": "2019-10-11 21:10:59 -0400"
    },
    "done": true
  },
  "minecraft:recipes/building_blocks/oak_wood": {
    "criteria": {
      "has_log": "2019-10-12 23:22:18 -0400"
    },
    "done": true
  },
  "minecraft:recipes/redstone/birch_fence_gate": {
    "criteria": {
      "has_planks": "2019-10-18 15:14:18 -0400"
    },
    "done": true
  },
  "minecraft:recipes/building_blocks/smooth_quartz_stairs": {
    "criteria": {
      "has_smooth_quartz": "2019-10-13 00:30:45 -0400"
    },
    "done": true
  },
  "minecraft:story/root": {
    "criteria": {
      "crafting_table": "2019-11-05 18:20:34 -0500"
    },
    "done": true
  },
  "minecraft:recipes/redstone/stone_button": {
    "criteria": {
      "has_stone": "2019-11-04 21:50:05 -0500"
    },
    "done": true
  },
  "minecraft:recipes/combat/crossbow": {
    "criteria": {
      "has_stick": "2019-10-13 00:05:43 -0400"
    },
    "done": true
  },
  "minecraft:recipes/redstone/dropper": {
    "criteria": {
      "has_redstone": "2019-10-21 22:10:09 -0400"
    },
    "done": true
  },
  "minecraft:recipes/redstone/spruce_pressure_plate": {
    "criteria": {
      "has_planks": "2019-10-13 00:35:54 -0400"
    },
    "done": true
  },
  "minecraft:recipes/building_blocks/yellow_wool": {
    "criteria": {
      "has_white_wool": "2019-10-26 20:09:45 -0400"
    },
    "done": true
  },
  "minecraft:recipes/building_blocks/granite_stairs_from_granite_stonecutting": {
    "criteria": {
      "has_granite": "2019-11-04 20:04:08 -0500"
    },
    "done": true
  },
  "minecraft:recipes/building_blocks/prismarine_brick_stairs_from_prismarine_stonecutting": {
    "criteria": {
      "has_prismarine_brick": "2019-11-07 22:23:08 -0500"
    },
    "done": true
  },
  "minecraft:recipes/brewing/brewing_stand": {
    "criteria": {
      "has_blaze_rod": "2019-10-17 15:30:11 -0400"
    },
    "done": true
  },
  "minecraft:recipes/building_blocks/red_concrete_powder": {
    "criteria": {
      "has_gravel": "2019-10-11 18:38:02 -0400"
    },
    "done": true
  },
  "minecraft:recipes/building_blocks/smooth_sandstone_slab": {
    "criteria": {
      "has_smooth_sandstone": "2019-10-17 17:12:09 -0400"
    },
    "done": true
  },
  "minecraft:recipes/combat/leather_chestplate": {
    "criteria": {
      "has_leather": "2019-10-21 22:36:34 -0400"
    },
    "done": true
  },
  "minecraft:recipes/tools/compass": {
    "criteria": {
      "has_redstone": "2019-10-21 22:10:09 -0400"
    },
    "done": true
  },
  "minecraft:recipes/redstone/repeater": {
    "criteria": {
      "has_redstone_torch": "2019-10-22 00:10:58 -0400"
    },
    "done": true
  },
  "minecraft:recipes/misc/magenta_dye_from_blue_red_pink": {
    "criteria": {
      "has_blue_dye": "2019-10-11 11:24:39 -0400"
    },
    "done": true
  },
  "minecraft:recipes/decorations/blue_carpet_from_white_carpet": {
    "criteria": {
      "has_blue_dye": "2019-10-11 11:24:39 -0400"
    },
    "done": true
  },
  "minecraft:nether/obtain_blaze_rod": {
    "criteria": {
      "blaze_rod": "2019-10-17 15:30:11 -0400"
    },
    "done": true
  },
  "minecraft:recipes/building_blocks/stone": {
    "criteria": {
      "has_cobblestone": "2019-10-28 20:49:03 -0400"
    },
    "done": true
  },
  "minecraft:recipes/building_blocks/polished_andesite": {
    "criteria": {
      "has_stone": "2019-11-07 16:17:38 -0500"
    },
    "done": true
  },
  "minecraft:recipes/decorations/stonecutter": {
    "criteria": {
      "has_stone": "2019-11-04 21:50:05 -0500"
    },
    "done": true
  },
  "minecraft:recipes/misc/gray_dye": {
    "criteria": {
      "has_white_dye": "2019-10-11 11:24:33 -0400"
    },
    "done": true
  },
  "minecraft:recipes/building_blocks/smooth_quartz_stairs_from_smooth_quartz_stonecutting": {
    "criteria": {
      "has_smooth_quartz": "2019-10-13 00:30:45 -0400"
    },
    "done": true
  },
  "minecraft:adventure/adventuring_time": {
    "criteria": {
      "minecraft:plains": "2019-10-11 11:23:01 -0400"
    },
    "done": false
  },
  "minecraft:recipes/misc/book": {
    "criteria": {
      "has_paper": "2019-11-05 18:22:22 -0500"
    },
    "done": true
  },
  "minecraft:recipes/combat/stone_sword": {
    "criteria": {
      "has_cobblestone": "2019-10-28 20:49:03 -0400"
    },
    "done": true
  },
  "minecraft:recipes/decorations/barrel": {
    "criteria": {
      "has_wood_slab": "2019-10-13 00:34:17 -0400"
    },
    "done": true
  },
  "minecraft:recipes/decorations/cobblestone_wall": {
    "criteria": {
      "has_cobblestone": "2019-10-28 20:49:03 -0400"
    },
    "done": true
  },
  "minecraft:recipes/tools/stone_pickaxe": {
    "criteria": {
      "has_cobblestone": "2019-10-28 20:49:03 -0400"
    },
    "done": true
  },
  "minecraft:recipes/building_blocks/brown_stained_glass": {
    "criteria": {
      "has_glass": "2019-10-11 11:23:01 -0400"
    },
    "done": true
  },
  "minecraft:recipes/redstone/stone_pressure_plate": {
    "criteria": {
      "has_stone": "2019-11-04 21:50:05 -0500"
    },
    "done": true
  },
  "minecraft:recipes/misc/purple_dye": {
    "criteria": {
      "has_blue_dye": "2019-10-11 11:24:39 -0400"
    },
    "done": true
  },
  "minecraft:recipes/decorations/purple_stained_glass_pane_from_glass_pane": {
    "criteria": {
      "has_glass_pane": "2019-10-12 21:31:19 -0400"
    },
    "done": true
  },
  "minecraft:recipes/combat/leather_boots": {
    "criteria": {
      "has_leather": "2019-10-21 22:36:34 -0400"
    },
    "done": true
  },
  "minecraft:recipes/transportation/jungle_boat": {
    "criteria": {
      "in_water": "2019-10-16 22:05:18 -0400"
    },
    "done": true
  },
  "minecraft:recipes/decorations/cobblestone_wall_from_cobblestone_stonecutting": {
    "criteria": {
      "has_cobblestone": "2019-10-28 20:49:03 -0400"
    },
    "done": true
  },
  "minecraft:recipes/building_blocks/cut_sandstone_slab": {
    "criteria": {
      "has_cut_sandstone": "2019-10-30 23:49:38 -0400"
    },
    "done": true
  },
  "minecraft:recipes/misc/iron_ingot_from_iron_block": {
    "criteria": {
      "has_iron_block": "2019-10-16 21:18:13 -0400"
    },
    "done": true
  },
  "minecraft:recipes/building_blocks/birch_stairs": {
    "criteria": {
      "has_planks": "2019-10-18 15:14:18 -0400"
    },
    "done": true
  },
  "minecraft:recipes/decorations/stone_brick_walls_from_stone_stonecutting": {
    "criteria": {
      "has_stone": "2019-11-04 21:50:05 -0500"
    },
    "done": true
  },
  "minecraft:recipes/building_blocks/light_gray_stained_glass": {
    "criteria": {
      "has_glass": "2019-10-11 11:23:01 -0400"
    },
    "done": true
  },
  "minecraft:recipes/transportation/dark_oak_boat": {
    "criteria": {
      "in_water": "2019-10-16 22:05:18 -0400"
    },
    "done": true
  },
  "minecraft:recipes/food/pumpkin_pie": {
    "criteria": {
      "has_carved_pumpkin": "2019-11-04 21:38:33 -0500"
    },
    "done": true
  },
  "minecraft:recipes/building_blocks/pink_wool": {
    "criteria": {
      "has_white_wool": "2019-10-26 20:09:45 -0400"
    },
    "done": true
  },
  "minecraft:recipes/decorations/andesite_wall_from_andesite_stonecutting": {
    "criteria": {
      "has_andesite": "2019-11-07 16:17:38 -0500"
    },
    "done": true
  },
  "minecraft:recipes/decorations/red_stained_glass_pane": {
    "criteria": {
      "has_glass": "2019-10-11 11:23:01 -0400"
    },
    "done": true
  },
  "minecraft:recipes/misc/light_gray_dye_from_gray_white_dye": {
    "criteria": {
      "has_white_dye": "2019-10-11 11:24:33 -0400"
    },
    "done": true
  },
  "minecraft:recipes/decorations/acacia_sign": {
    "criteria": {
      "has_acacia_planks": "2019-10-26 21:15:23 -0400"
    },
    "done": true
  },
  "minecraft:story/enter_the_end": {
    "criteria": {
      "entered_end": "2019-10-16 21:02:18 -0400"
    },
    "done": true
  },
  "minecraft:recipes/building_blocks/brick_slab": {
    "criteria": {
      "has_brick_block": "2019-10-11 17:57:19 -0400"
    },
    "done": true
  },
  "minecraft:recipes/decorations/orange_stained_glass_pane_from_glass_pane": {
    "criteria": {
      "has_glass_pane": "2019-10-12 21:31:19 -0400"
    },
    "done": true
  },
  "minecraft:recipes/building_blocks/polished_granite": {
    "criteria": {
      "has_stone": "2019-11-04 20:04:08 -0500"
    },
    "done": true
  },
  "minecraft:recipes/redstone/birch_trapdoor": {
    "criteria": {
      "has_planks": "2019-10-18 15:14:18 -0400"
    },
    "done": true
  },
  "minecraft:recipes/redstone/piston": {
    "criteria": {
      "has_redstone": "2019-10-21 22:10:09 -0400"
    },
    "done": true
  },
  "minecraft:recipes/misc/stick_from_bamboo_item": {
    "criteria": {
      "has_bamboo": "2019-10-17 15:29:50 -0400"
    },
    "done": true
  },
  "minecraft:recipes/building_blocks/stone_stairs": {
    "criteria": {
      "has_stone": "2019-11-04 21:50:05 -0500"
    },
    "done": true
  },
  "minecraft:recipes/redstone/spruce_trapdoor": {
    "criteria": {
      "has_planks": "2019-10-13 00:35:54 -0400"
    },
    "done": true
  },
  "minecraft:recipes/decorations/gray_stained_glass_pane_from_glass_pane": {
    "criteria": {
      "has_glass_pane": "2019-10-12 21:31:19 -0400"
    },
    "done": true
  },
  "minecraft:recipes/decorations/light_gray_stained_glass_pane_from_glass_pane": {
    "criteria": {
      "has_glass_pane": "2019-10-12 21:31:20 -0400"
    },
    "done": true
  },
  "minecraft:recipes/decorations/brown_stained_glass_pane": {
    "criteria": {
      "has_glass": "2019-10-11 11:23:01 -0400"
    },
    "done": true
  },
  "minecraft:recipes/decorations/yellow_carpet_from_white_carpet": {
    "criteria": {
      "has_white_carpet": "2019-10-11 21:10:59 -0400"
    },
    "done": true
  },
  "minecraft:recipes/decorations/light_blue_stained_glass_pane_from_glass_pane": {
    "criteria": {
      "has_glass_pane": "2019-10-12 21:31:19 -0400"
    },
    "done": true
  },
  "minecraft:recipes/building_blocks/light_gray_wool": {
    "criteria": {
      "has_white_wool": "2019-10-26 20:09:45 -0400"
    },
    "done": true
  },
  "minecraft:recipes/decorations/andesite_wall": {
    "criteria": {
      "has_andesite": "2019-11-07 16:17:38 -0500"
    },
    "done": true
  },
  "minecraft:recipes/building_blocks/andesite_slab": {
    "criteria": {
      "has_andesite": "2019-11-07 16:17:38 -0500"
    },
    "done": true
  },
  "minecraft:recipes/decorations/gray_carpet_from_white_carpet": {
    "criteria": {
      "has_white_carpet": "2019-10-11 21:10:59 -0400"
    },
    "done": true
  },
  "minecraft:recipes/building_blocks/red_wool": {
    "criteria": {
      "has_white_wool": "2019-10-26 20:09:45 -0400"
    },
    "done": true
  },
  "minecraft:recipes/building_blocks/acacia_stairs": {
    "criteria": {
      "has_planks": "2019-10-26 21:15:22 -0400"
    },
    "done": true
  },
  "minecraft:recipes/misc/orange_dye_from_red_yellow": {
    "criteria": {
      "has_red_dye": "2019-10-11 11:24:40 -0400"
    },
    "done": true
  },
  "minecraft:recipes/decorations/pink_carpet_from_white_carpet": {
    "criteria": {
      "has_white_carpet": "2019-10-11 21:10:59 -0400"
    },
    "done": true
  },
  "minecraft:recipes/tools/stone_axe": {
    "criteria": {
      "has_cobblestone": "2019-10-28 20:49:03 -0400"
    },
    "done": true
  },
  "minecraft:recipes/food/cooked_mutton": {
    "criteria": {
      "has_mutton": "2019-10-26 20:09:44 -0400"
    },
    "done": true
  },
  "minecraft:recipes/misc/light_gray_dye_from_black_white_dye": {
    "criteria": {
      "has_white_dye": "2019-10-11 11:24:33 -0400"
    },
    "done": true
  },
  "minecraft:recipes/building_blocks/pink_stained_glass": {
    "criteria": {
      "has_glass": "2019-10-11 11:23:01 -0400"
    },
    "done": true
  },
  "minecraft:recipes/decorations/light_gray_stained_glass_pane": {
    "criteria": {
      "has_glass": "2019-10-11 11:23:01 -0400"
    },
    "done": true
  },
  "minecraft:recipes/building_blocks/bone_block": {
    "criteria": {
      "has_at_least_9_bonemeal": "2019-10-11 11:23:01 -0400"
    },
    "done": true
  },
  "DataVersion": 1976
}