{"stats":{"minecraft:custom":{"minecraft:time_since_rest":23004,"minecraft:play_one_minute":23004,"minecraft:crouch_one_cm":5046,"minecraft:sprint_one_cm":7418,"minecraft:damage_taken":20,"minecraft:walk_one_cm":32360,"minecraft:sneak_time":2513,"minecraft:aviate_one_cm":192587,"minecraft:jump":47,"minecraft:leave_game":1,"minecraft:time_since_death":23004,"minecraft:fall_one_cm":482,"minecraft:fly_one_cm":159608},"minecraft:used":{"minecraft:redstone_torch":37,"minecraft:item_frame":1,"minecraft:glass":10,"minecraft:dirt":2,"minecraft:redstone_lamp":40,"minecraft:bricks":116,"minecraft:grass_block":30,"minecraft:barrier":1,"minecraft:brick_stairs":4,"minecraft:oak_sign":17,"minecraft:stone":1,"minecraft:dark_oak_door":2},"minecraft:picked_up":{"minecraft:item_frame":1,"minecraft:filled_map":2}},"DataVersion":2230}