{"stats":{"minecraft:killed_by":{"minecraft:player":2},"minecraft:picked_up":{"minecraft:wooden_axe":22,"minecraft:birch_door":2,"minecraft:wheat":1,"minecraft:flower_pot":64,"minecraft:stone_slab":1,"minecraft:music_disc_cat":1,"minecraft:smooth_stone_slab":5,"minecraft:smooth_stone":12,"minecraft:dark_oak_leaves":1,"minecraft:redstone_torch":1,"minecraft:smooth_quartz_stairs":1,"minecraft:dark_oak_door":7,"minecraft:stick":3,"minecraft:music_disc_blocks":2,"minecraft:jungle_door":4,"minecraft:jukebox":1,"minecraft:torch":2,"minecraft:golden_axe":3,"minecraft:carved_pumpkin":4,"minecraft:cyan_terracotta":6,"minecraft:glowstone":3,"minecraft:music_disc_wait":1,"minecraft:leather_horse_armor":1,"minecraft:blaze_rod":2,"minecraft:iron_bars":1,"minecraft:cobblestone":7,"minecraft:repeater":1,"minecraft:iron_door":4,"minecraft:stripped_spruce_wood":2,"minecraft:map":66,"minecraft:dirt":146,"minecraft:acacia_planks":2,"minecraft:wheat_seeds":23,"minecraft:bell":1,"minecraft:dropper":1,"minecraft:black_stained_glass_pane":1,"minecraft:jungle_planks":1,"minecraft:grass_block":2,"minecraft:iron_hoe":2,"minecraft:lever":2,"minecraft:blue_banner":1,"minecraft:oak_sapling":18,"minecraft:bricks":2,"minecraft:spruce_leaves":1,"minecraft:coarse_dirt":2,"minecraft:azure_bluet":2,"minecraft:cornflower":3,"minecraft:acacia_door":2,"minecraft:item_frame":7,"minecraft:white_carpet":8,"minecraft:glass_pane":1,"minecraft:cyan_carpet":11,"minecraft:beef":3,"minecraft:poppy":2,"minecraft:oak_door":3,"minecraft:music_disc_11":1,"minecraft:dark_oak_planks":5,"minecraft:tnt":1,"minecraft:shears":2,"minecraft:saddle":1,"minecraft:oxeye_daisy":2,"minecraft:cut_sandstone":1,"minecraft:leather":2,"minecraft:music_disc_stal":8,"minecraft:filled_map":37,"minecraft:birch_planks":2,"minecraft:bedrock":1,"minecraft:oak_log":1,"minecraft:smooth_sandstone":1,"minecraft:apple":1,"minecraft:music_disc_far":1,"minecraft:iron_ingot":4,"minecraft:polished_andesite_slab":8,"minecraft:music_disc_chirp":2,"minecraft:dandelion":5,"minecraft:grass_path":2,"minecraft:spruce_door":2,"minecraft:brick_slab":1,"minecraft:firework_rocket":125,"minecraft:music_disc_mall":2,"minecraft:white_concrete_powder":1,"minecraft:acacia_slab":1},"minecraft:custom":{"minecraft:open_shulker_box":2,"minecraft:leave_game":79,"minecraft:time_since_death":512696,"minecraft:sprint_one_cm":3394302,"minecraft:drop":845,"minecraft:deaths":18,"minecraft:jump":3909,"minecraft:walk_on_water_one_cm":673,"minecraft:play_record":12,"minecraft:play_one_minute":4802326,"minecraft:sleep_in_bed":2,"minecraft:open_enderchest":3,"minecraft:damage_dealt":1382,"minecraft:player_kills":3,"minecraft:crouch_one_cm":354864,"minecraft:inspect_dispenser":1,"minecraft:horse_one_cm":695982,"minecraft:inspect_dropper":3,"minecraft:mob_kills":28,"minecraft:climb_one_cm":1552,"minecraft:walk_one_cm":4004419,"minecraft:sneak_time":235712,"minecraft:walk_under_water_one_cm":628,"minecraft:pot_flower":2,"minecraft:time_since_rest":512748,"minecraft:damage_taken":-2147472706,"minecraft:damage_absorbed":220,"minecraft:fly_one_cm":64138640,"minecraft:open_chest":3,"minecraft:aviate_one_cm":10055691,"minecraft:fall_one_cm":222162},"minecraft:killed":{"minecraft:skeleton_horse":1,"minecraft:magma_cube":14,"minecraft:iron_golem":1,"minecraft:cow":1,"minecraft:villager":9},"minecraft:dropped":{"minecraft:spruce_sign":1,"minecraft:birch_planks":11,"minecraft:oak_log":11,"minecraft:crossbow":6,"minecraft:stripped_birch_wood":1,"minecraft:dark_oak_slab":4,"minecraft:lime_terracotta":1,"minecraft:prismarine_brick_stairs":1,"minecraft:jungle_planks":1,"minecraft:red_wool":64,"minecraft:quartz_pillar":1,"minecraft:black_banner":1,"minecraft:elytra":2,"minecraft:cut_sandstone_slab":1,"minecraft:item_frame":6,"minecraft:spruce_leaves":67,"minecraft:cyan_terracotta":12,"minecraft:dirt":38,"minecraft:birch_fence":1,"minecraft:stone_button":1,"minecraft:dark_oak_fence":1,"minecraft:black_stained_glass_pane":1,"minecraft:cornflower":1,"minecraft:cut_sandstone":8,"minecraft:bone_meal":81,"minecraft:sand":1,"minecraft:black_concrete":1,"minecraft:acacia_door":1,"minecraft:fishing_rod":1,"minecraft:black_stained_glass":2,"minecraft:music_disc_stal":4,"minecraft:white_wool":64,"minecraft:end_crystal":1,"minecraft:oak_door":2,"minecraft:gravel":5,"minecraft:dark_oak_door":10,"minecraft:polished_andesite_slab":3,"minecraft:infested_chiseled_stone_bricks":1,"minecraft:smooth_sandstone_stairs":1,"minecraft:wheat":1,"minecraft:blue_wool":64,"minecraft:oak_planks":1,"minecraft:fern":1,"minecraft:yellow_stained_glass":1,"minecraft:prismarine":1,"minecraft:nether_brick_fence":2,"minecraft:azure_bluet":1,"minecraft:mushroom_stem":1,"minecraft:sandstone_wall":1,"minecraft:dropper":1,"minecraft:quartz_block":1,"minecraft:stone_brick_wall":1,"minecraft:glowstone":76,"minecraft:acacia_slab":3,"minecraft:birch_door":7,"minecraft:spruce_slab":1,"minecraft:red_nether_bricks":1,"minecraft:iron_bars":7,"minecraft:end_stone_bricks":6,"minecraft:glass":12,"minecraft:campfire":1,"minecraft:white_concrete_powder":8,"minecraft:stone_brick_stairs":2,"minecraft:oak_leaves":15,"minecraft:firework_rocket":268,"minecraft:oak_slab":2,"minecraft:wheat_seeds":11,"minecraft:tnt":4,"minecraft:light_gray_stained_glass_pane":2,"minecraft:end_stone_brick_slab":2,"minecraft:oak_fence":1,"minecraft:cobblestone":8,"minecraft:apple":1,"minecraft:spruce_door":3,"minecraft:grass_block":51,"minecraft:stick":2,"minecraft:polished_andesite":2,"minecraft:end_rod":1,"minecraft:oxeye_daisy":66,"minecraft:cobweb":1,"minecraft:iron_block":3,"minecraft:dark_oak_leaves":5,"minecraft:torch":2,"minecraft:wooden_axe":28,"minecraft:white_concrete":4,"minecraft:iron_door":8,"minecraft:map":585,"minecraft:jungle_door":2,"minecraft:smooth_quartz_slab":2,"minecraft:smooth_stone":47,"minecraft:string":1,"minecraft:smooth_sandstone":3,"minecraft:acacia_planks":2,"minecraft:spruce_sapling":1,"minecraft:dandelion":5,"minecraft:redstone":1,"minecraft:farmland":1,"minecraft:nether_brick_slab":7,"minecraft:yellow_concrete_powder":1,"minecraft:bricks":151,"minecraft:brick_wall":1,"minecraft:ender_chest":1,"minecraft:coarse_dirt":3,"minecraft:blaze_rod":1,"minecraft:smooth_stone_slab":15,"minecraft:tall_grass":2,"minecraft:grass_path":4,"minecraft:white_carpet":1,"minecraft:iron_hoe":3,"minecraft:structure_block":2,"minecraft:stone_slab":3,"minecraft:end_stone_brick_wall":1,"minecraft:light_blue_concrete":1,"minecraft:nether_bricks":1,"minecraft:oak_sign":18,"minecraft:spruce_fence":1,"minecraft:glass_pane":11,"minecraft:flint_and_steel":3,"minecraft:lily_of_the_valley":1,"minecraft:filled_map":199,"minecraft:cobblestone_slab":1,"minecraft:stone":15,"minecraft:spruce_trapdoor":1,"minecraft:blue_banner":1,"minecraft:fire_coral":1,"minecraft:dead_fire_coral":1,"minecraft:oak_sapling":89,"minecraft:carved_pumpkin":2,"minecraft:stone_bricks":5,"minecraft:birch_sign":1,"minecraft:spruce_log":1,"minecraft:bow":2,"minecraft:bell":1,"minecraft:brick_slab":67,"minecraft:light_blue_bed":1,"minecraft:quartz_slab":6},"minecraft:mined":{"minecraft:oak_sapling":1,"minecraft:tnt":1,"minecraft:acacia_planks":1},"minecraft:used":{"minecraft:nether_brick_fence":18,"minecraft:smooth_quartz_slab":27,"minecraft:spruce_slab":521,"minecraft:dispenser":6,"minecraft:carrot_on_a_stick":11,"minecraft:poppy":6,"minecraft:oak_sign":9,"minecraft:white_concrete_powder":9,"minecraft:stone":212,"minecraft:grass":5,"minecraft:smooth_sandstone_stairs":8,"minecraft:spruce_leaves":19,"minecraft:lily_of_the_valley":3,"minecraft:brick_slab":58,"minecraft:jungle_slab":22,"minecraft:allium":4,"minecraft:azure_bluet":12,"minecraft:glass":993,"minecraft:cyan_terracotta":606,"minecraft:bricks":2773,"minecraft:stripped_dark_oak_wood":17,"minecraft:quartz_pillar":110,"minecraft:red_wool":15,"minecraft:quartz_slab":246,"minecraft:grass_block":1086,"minecraft:blue_orchid":4,"minecraft:quartz_block":51,"minecraft:polished_andesite_stairs":45,"minecraft:dark_oak_leaves":5,"minecraft:dark_oak_slab":2851,"minecraft:stone_brick_stairs":21,"minecraft:stone_bricks":82,"minecraft:blue_banner":40,"minecraft:music_disc_stal":12,"minecraft:item_frame":296,"minecraft:bedrock":3,"minecraft:repeater":6,"minecraft:bow":101,"minecraft:oak_sapling":237,"minecraft:end_stone_brick_stairs":3,"minecraft:end_rod":5,"minecraft:end_stone_bricks":206,"minecraft:spruce_door":2,"minecraft:brick_wall":28,"minecraft:dropper":17,"minecraft:stripped_birch_log":6,"minecraft:birch_leaves":16,"minecraft:jungle_fence":36,"minecraft:oak_planks":43,"minecraft:orange_tulip":4,"minecraft:ender_pearl":22,"minecraft:oak_leaves":1266,"minecraft:white_wool":14,"minecraft:sand":3,"minecraft:cut_sandstone_slab":58,"minecraft:crossbow":38,"minecraft:acacia_leaves":15,"minecraft:birch_fence":144,"minecraft:firework_rocket":68,"minecraft:daylight_detector":8,"minecraft:birch_slab":1,"minecraft:string":8,"minecraft:iron_door":11,"minecraft:gravel":40,"minecraft:polished_andesite_slab":438,"minecraft:dark_oak_fence":25,"minecraft:smooth_stone_slab":613,"minecraft:white_concrete":307,"minecraft:air":53871,"minecraft:bone_meal":871,"minecraft:cobweb":27,"minecraft:oak_fence":48,"minecraft:trident":108,"minecraft:jungle_leaves":1,"minecraft:iron_bars":100,"minecraft:flint_and_steel":61,"minecraft:white_tulip":1,"minecraft:redstone":30,"minecraft:ender_chest":1,"minecraft:wooden_shovel":138,"minecraft:stripped_birch_wood":116,"minecraft:structure_block":4,"minecraft:oak_door":3,"minecraft:end_stone_brick_wall":48,"minecraft:dirt":34,"minecraft:white_carpet":19,"minecraft:hopper":7,"minecraft:stone_stairs":10,"minecraft:nether_brick_slab":202,"minecraft:golden_shovel":210,"minecraft:spruce_fence":56,"minecraft:birch_door":8,"minecraft:iron_hoe":1,"minecraft:wooden_axe":10,"minecraft:red_tulip":7,"minecraft:iron_block":12,"minecraft:brick_stairs":31,"minecraft:smooth_sandstone":49,"minecraft:acacia_slab":54,"minecraft:glowstone":80,"minecraft:tall_grass":16,"minecraft:iron_trapdoor":2,"minecraft:acacia_planks":1,"minecraft:observer":4,"minecraft:wheat_seeds":1,"minecraft:water_bucket":6,"minecraft:pink_tulip":2,"minecraft:birch_planks":577,"minecraft:polished_andesite":4,"minecraft:blue_wool":7,"minecraft:cut_sandstone":551,"minecraft:cauldron":4,"minecraft:spruce_sign":2,"minecraft:cobblestone_slab":58,"minecraft:comparator":2,"minecraft:oak_slab":422,"minecraft:tnt":73,"minecraft:campfire":1,"minecraft:painting":1,"minecraft:dark_oak_door":58,"minecraft:mushroom_stem":10,"minecraft:cyan_stained_glass":31,"minecraft:oak_log":140,"minecraft:piston":3,"minecraft:cornflower":5,"minecraft:oxeye_daisy":9,"minecraft:map":234,"minecraft:stone_slab":5,"minecraft:spruce_trapdoor":24,"minecraft:fishing_rod":7,"minecraft:cobblestone":107,"minecraft:jungle_door":35,"minecraft:glass_pane":85,"minecraft:wither_rose":2,"minecraft:dandelion":6,"minecraft:smooth_stone":3895,"minecraft:splash_potion":89,"minecraft:birch_stairs":3}},"DataVersion":1976}