{"stats":{"minecraft:picked_up":{"minecraft:music_disc_strad":1,"minecraft:leather_chestplate":1,"minecraft:prismarine_slab":1,"minecraft:turtle_helmet":1,"minecraft:andesite":1,"minecraft:stone_slab":1,"minecraft:dirt":1,"minecraft:sign":5,"minecraft:quartz_slab":1,"minecraft:white_carpet":10,"minecraft:cyan_carpet":2,"minecraft:spruce_trapdoor":1,"minecraft:diamond_hoe":1,"minecraft:villager_spawn_egg":4,"minecraft:nether_brick_stairs":1,"minecraft:spruce_log":3,"minecraft:grass_block":1,"minecraft:redstone":1,"minecraft:green_carpet":1,"minecraft:blue_carpet":4,"minecraft:nether_bricks":1,"minecraft:jungle_stairs":1,"minecraft:lever":1},"minecraft:used":{"minecraft:oak_trapdoor":7,"minecraft:light_blue_banner":2,"minecraft:nether_brick_fence":5,"minecraft:end_rod":6,"minecraft:writable_book":5,"minecraft:spruce_door":5,"minecraft:cobblestone_stairs":4,"minecraft:prismarine_brick_slab":20,"minecraft:flint_and_steel":44,"minecraft:lead":2,"minecraft:armor_stand":12,"minecraft:polished_andesite":129,"minecraft:dispenser":2,"minecraft:acacia_trapdoor":1,"minecraft:red_sandstone_slab":4,"minecraft:spruce_slab":4,"minecraft:redstone":18,"minecraft:red_nether_bricks":12,"minecraft:chest":4,"minecraft:ender_chest":1,"minecraft:stone":459,"minecraft:zombie_spawn_egg":2,"minecraft:cauldron":2,"minecraft:quartz_stairs":4,"minecraft:vindicator_spawn_egg":3,"minecraft:player_head":56,"minecraft:purpur_pillar":1,"minecraft:spruce_leaves":27,"minecraft:oak_leaves":95,"minecraft:torch":1,"minecraft:dark_oak_trapdoor":2,"minecraft:diamond_block":2,"minecraft:birch_pressure_plate":4,"minecraft:orange_carpet":3,"minecraft:light_gray_banner":1,"minecraft:anvil":1,"minecraft:white_carpet":17,"minecraft:light_blue_concrete":2,"minecraft:tnt":1712,"minecraft:hopper":12,"minecraft:brown_banner":6,"minecraft:nether_bricks":450,"minecraft:jungle_planks":49,"minecraft:light_blue_wool":1,"minecraft:cobblestone_wall":18,"minecraft:jungle_slab":2,"minecraft:orange_wool":3,"minecraft:nether_brick_slab":2,"minecraft:music_disc_11":1,"minecraft:pink_carpet":1,"minecraft:infested_stone_bricks":486,"minecraft:spruce_fence":15,"minecraft:cyan_wool":4,"minecraft:music_disc_strad":2,"minecraft:spruce_log":17,"minecraft:nether_brick_stairs":40,"minecraft:dark_oak_door":21,"minecraft:obsidian":2729,"minecraft:birch_door":8,"minecraft:birch_fence":1,"minecraft:redstone_torch":2,"minecraft:oak_log":26,"minecraft:sticky_piston":4,"minecraft:glass":4,"minecraft:stone_brick_slab":133,"minecraft:lever":2,"minecraft:black_wool":5,"minecraft:chipped_anvil":2,"minecraft:bricks":15,"minecraft:quartz_pillar":124,"minecraft:lime_banner":1,"minecraft:villager_spawn_egg":81,"minecraft:command_block":2,"minecraft:quartz_slab":66,"minecraft:black_stained_glass_pane":7,"minecraft:iron_block":110,"minecraft:grass_block":180,"minecraft:string":11,"minecraft:brown_wool":2,"minecraft:oak_button":1,"minecraft:stone_button":1,"minecraft:green_wool":1,"minecraft:sign":40,"minecraft:jungle_stairs":5,"minecraft:dark_oak_slab":30,"minecraft:purpur_slab":7,"minecraft:spruce_trapdoor":6,"minecraft:smooth_quartz":186,"minecraft:iron_door":2,"minecraft:gravel":53,"minecraft:prismarine_slab":2,"minecraft:stone_brick_stairs":359,"minecraft:item_frame":8,"minecraft:light_gray_wool":8,"minecraft:blue_carpet":31,"minecraft:brown_stained_glass_pane":4,"minecraft:diamond_sword":36,"minecraft:glowstone":11,"minecraft:repeater":4,"minecraft:bow":4,"minecraft:written_book":5,"minecraft:orange_banner":4,"minecraft:iron_trapdoor":1,"minecraft:white_banner":11,"minecraft:dark_oak_fence":13,"minecraft:white_stained_glass_pane":2,"minecraft:podzol":37,"minecraft:andesite":32,"minecraft:glass_pane":76,"minecraft:cyan_banner":1,"minecraft:dragon_head":3,"minecraft:observer":1,"minecraft:jukebox":3,"minecraft:smooth_stone":2},"minecraft:dropped":{"minecraft:nether_brick_stairs":1,"minecraft:lever":1,"minecraft:villager_spawn_egg":2,"minecraft:nether_bricks":1,"minecraft:grass_block":1,"minecraft:sign":2,"minecraft:leather_chestplate":1,"minecraft:stone_button":1,"minecraft:jungle_stairs":1,"minecraft:andesite":1,"minecraft:spruce_log":3,"minecraft:quartz_slab":1},"minecraft:killed":{"minecraft:bat":2,"minecraft:silverfish":63,"minecraft:villager":10},"minecraft:custom":{"minecraft:mob_kills":75,"minecraft:play_record":3,"minecraft:play_one_minute":1518749,"minecraft:leave_game":12,"minecraft:time_since_death":252255,"minecraft:time_since_rest":270424,"minecraft:sprint_one_cm":65261,"minecraft:open_enderchest":5,"minecraft:damage_taken":280,"minecraft:walk_one_cm":1400592,"minecraft:drop":16,"minecraft:damage_dealt":2310,"minecraft:talked_to_villager":5,"minecraft:fly_one_cm":1981398,"minecraft:open_chest":24,"minecraft:crouch_one_cm":17396,"minecraft:deaths":1,"minecraft:sneak_time":9747,"minecraft:walk_under_water_one_cm":133,"minecraft:jump":1290,"minecraft:walk_on_water_one_cm":13,"minecraft:inspect_dispenser":1}},"DataVersion":1631}