{"stats":{"minecraft:used":{"minecraft:bow":15},"minecraft:custom":{"minecraft:jump":31,"minecraft:time_since_rest":16619,"minecraft:walk_on_water_one_cm":9,"minecraft:crouch_one_cm":3504,"minecraft:play_one_minute":26381,"minecraft:open_enderchest":1,"minecraft:deaths":3,"minecraft:sprint_one_cm":12447,"minecraft:damage_taken":308,"minecraft:time_since_death":16585,"minecraft:walk_one_cm":425747,"minecraft:sneak_time":1049,"minecraft:fall_one_cm":3399,"minecraft:fly_one_cm":382853,"minecraft:leave_game":1},"minecraft:broken":{"minecraft:diamond_leggings":1,"minecraft:diamond_chestplate":1,"minecraft:diamond_helmet":1,"minecraft:diamond_boots":1},"minecraft:killed_by":{"minecraft:player":2},"minecraft:picked_up":{"minecraft:white_concrete":1,"minecraft:oak_log":1}},"DataVersion":1976}