{"stats":{"minecraft:killed_by":{"minecraft:player":2,"minecraft:llama":1},"minecraft:crafted":{"minecraft:filled_map":14},"minecraft:picked_up":{"minecraft:wooden_axe":10,"minecraft:birch_door":17,"minecraft:music_disc_strad":2,"minecraft:nether_brick_fence":1,"minecraft:leather_leggings":2,"minecraft:redstone_lamp":1,"minecraft:music_disc_cat":2,"minecraft:elytra":1,"minecraft:flint_and_steel":1,"minecraft:item_frame":7,"minecraft:white_carpet":2,"minecraft:pufferfish":1,"minecraft:oak_sign":1,"minecraft:smooth_stone":2,"minecraft:redstone_torch":1,"minecraft:smooth_quartz":1,"minecraft:dark_oak_door":3,"minecraft:stick":24,"minecraft:stone":1,"minecraft:music_disc_blocks":2,"minecraft:stone_button":64,"minecraft:music_disc_11":1,"minecraft:redstone":10,"minecraft:carved_pumpkin":2,"minecraft:cyan_terracotta":4,"minecraft:glowstone":2,"minecraft:music_disc_wait":2,"minecraft:blaze_rod":1,"minecraft:mutton":1,"minecraft:iron_bars":5,"minecraft:white_wool":1,"minecraft:cobblestone":13,"minecraft:magma_block":1,"minecraft:leather_chestplate":2,"minecraft:leather":2,"minecraft:music_disc_stal":51,"minecraft:filled_map":36,"minecraft:map":66,"minecraft:dirt":75,"minecraft:white_banner":2,"minecraft:leather_boots":2,"minecraft:glass":1,"minecraft:acacia_planks":1,"minecraft:apple":4,"minecraft:wheat_seeds":3,"minecraft:music_disc_far":3,"minecraft:music_disc_chirp":2,"minecraft:music_disc_13":2,"minecraft:black_stained_glass_pane":1,"minecraft:green_carpet":1,"minecraft:leather_helmet":2,"minecraft:firework_rocket":128,"minecraft:music_disc_mall":2,"minecraft:lever":4,"minecraft:grass":1,"minecraft:birch_sign":4,"minecraft:white_concrete":2,"minecraft:blue_banner":1,"minecraft:oak_sapling":34,"minecraft:acacia_slab":2,"minecraft:bricks":3,"minecraft:oak_leaves":3},"minecraft:custom":{"minecraft:inspect_dropper":5,"minecraft:mob_kills":8,"minecraft:interact_with_crafting_table":8,"minecraft:open_shulker_box":1,"minecraft:leave_game":61,"minecraft:time_since_death":175106,"minecraft:climb_one_cm":329,"minecraft:sprint_one_cm":467369,"minecraft:walk_one_cm":4238483,"minecraft:drop":232,"minecraft:deaths":6,"minecraft:sneak_time":70477,"minecraft:boat_one_cm":9385,"minecraft:jump":6511,"minecraft:walk_on_water_one_cm":479,"minecraft:play_record":48,"minecraft:interact_with_cartography_table":1,"minecraft:play_one_minute":2975444,"minecraft:interact_with_loom":9,"minecraft:sleep_in_bed":1,"minecraft:time_since_rest":175143,"minecraft:open_enderchest":17,"minecraft:damage_taken":1783,"minecraft:damage_dealt":1517,"minecraft:fly_one_cm":24123360,"minecraft:player_kills":2,"minecraft:open_chest":4,"minecraft:crouch_one_cm":24342,"minecraft:aviate_one_cm":1618898,"minecraft:fall_one_cm":5847,"minecraft:inspect_dispenser":13},"minecraft:killed":{"minecraft:pufferfish":1,"minecraft:ender_dragon":1,"minecraft:sheep":1,"minecraft:villager":5},"minecraft:dropped":{"minecraft:water_bucket":1,"minecraft:oak_log":1,"minecraft:glass_bottle":4,"minecraft:leather":2,"minecraft:sheep_spawn_egg":1,"minecraft:grass_block":2,"minecraft:music_disc_13":1,"minecraft:item_frame":3,"minecraft:end_rod":1,"minecraft:spruce_leaves":1,"minecraft:cyan_terracotta":4,"minecraft:gray_concrete":1,"minecraft:grass":1,"minecraft:dispenser":1,"minecraft:black_stained_glass_pane":2,"minecraft:mutton":1,"minecraft:wooden_axe":9,"minecraft:white_concrete":6,"minecraft:smooth_quartz":1,"minecraft:map":2,"minecraft:potion":1,"minecraft:music_disc_strad":2,"minecraft:white_banner":4,"minecraft:music_disc_wait":1,"minecraft:smooth_stone":2,"minecraft:music_disc_stal":10,"minecraft:white_wool":1,"minecraft:music_disc_cat":1,"minecraft:redstone":1,"minecraft:dark_oak_door":2,"minecraft:bricks":3,"minecraft:blaze_rod":3,"minecraft:smooth_stone_slab":2,"minecraft:sticky_piston":1,"minecraft:structure_block":1,"minecraft:ender_eye":5,"minecraft:name_tag":1,"minecraft:white_terracotta":1,"minecraft:flint_and_steel":1,"minecraft:filled_map":58,"minecraft:stone":1,"minecraft:flower_pot":64,"minecraft:dropper":1,"minecraft:acacia_slab":3,"minecraft:blue_banner":1,"minecraft:glowstone":5,"minecraft:music_disc_mall":1,"minecraft:birch_door":2,"minecraft:oak_boat":1,"minecraft:redstone_torch":2,"minecraft:birch_sign":1,"minecraft:iron_bars":1,"minecraft:magma_block":1,"minecraft:oak_leaves":2},"minecraft:used":{"minecraft:oak_fence":12,"minecraft:music_disc_far":2,"minecraft:nether_brick_fence":127,"minecraft:iron_bars":400,"minecraft:flint_and_steel":23,"minecraft:smooth_quartz_slab":111,"minecraft:dispenser":11,"minecraft:redstone":55,"minecraft:pufferfish_spawn_egg":1,"minecraft:oak_sign":9,"minecraft:white_concrete_powder":216,"minecraft:chest":4,"minecraft:white_terracotta":501,"minecraft:ender_chest":6,"minecraft:stone":48,"minecraft:zombie_spawn_egg":2,"minecraft:stripped_birch_wood":51,"minecraft:netherrack":37,"minecraft:oak_door":11,"minecraft:spruce_leaves":81,"minecraft:dirt":425,"minecraft:anvil":6,"minecraft:white_carpet":111,"minecraft:hopper":1,"minecraft:prismarine_bricks":63,"minecraft:brick_slab":37,"minecraft:prismarine_brick_stairs":218,"minecraft:nether_brick_slab":1,"minecraft:music_disc_13":1,"minecraft:music_disc_11":1,"minecraft:spruce_fence":4,"minecraft:granite":48,"minecraft:light_blue_stained_glass":2,"minecraft:nether_brick_stairs":20,"minecraft:fern":658,"minecraft:birch_door":172,"minecraft:andesite_wall":213,"minecraft:glass":439,"minecraft:cyan_terracotta":1839,"minecraft:bricks":6518,"minecraft:light_gray_stained_glass":33,"minecraft:quartz_pillar":220,"minecraft:black_stained_glass_pane":1011,"minecraft:quartz_slab":262,"minecraft:iron_block":5,"minecraft:lantern":18,"minecraft:grass_block":1541,"minecraft:acacia_slab":616,"minecraft:smooth_sandstone":3,"minecraft:brick_stairs":4,"minecraft:music_disc_ward":1,"minecraft:music_disc_chirp":2,"minecraft:smooth_quartz":539,"minecraft:music_disc_wait":2,"minecraft:music_disc_stal":32,"minecraft:item_frame":309,"minecraft:bedrock":1,"minecraft:glowstone":29,"minecraft:repeater":4,"minecraft:redstone_lamp":14,"minecraft:magma_block":1,"minecraft:black_stained_glass":226,"minecraft:oak_sapling":159,"minecraft:acacia_planks":30,"minecraft:large_fern":17,"minecraft:water_bucket":2,"minecraft:end_rod":1,"minecraft:damaged_anvil":1,"minecraft:brick_wall":68,"minecraft:spruce_door":22,"minecraft:dropper":3,"minecraft:prismarine_brick_slab":301,"minecraft:birch_planks":112,"minecraft:gray_carpet":167,"minecraft:cartography_table":1,"minecraft:andesite_slab":7,"minecraft:cut_sandstone":1,"minecraft:llama_spawn_egg":1,"minecraft:stonecutter":3,"minecraft:sheep_spawn_egg":1,"minecraft:smooth_quartz_stairs":246,"minecraft:oak_leaves":1607,"minecraft:dark_oak_trapdoor":8,"minecraft:music_disc_cat":1,"minecraft:light_blue_concrete":190,"minecraft:crafting_table":2,"minecraft:loom":2,"minecraft:birch_sign":41,"minecraft:light_gray_terracotta":3,"minecraft:gray_concrete":442,"minecraft:spruce_log":16,"minecraft:music_disc_strad":2,"minecraft:dark_oak_door":41,"minecraft:cyan_stained_glass":1953,"minecraft:redstone_torch":15,"minecraft:oak_log":127,"minecraft:sticky_piston":3,"minecraft:flower_pot":5,"minecraft:lever":6,"minecraft:ender_eye":12,"minecraft:acacia_stairs":47,"minecraft:black_concrete":2,"minecraft:firework_rocket":42,"minecraft:daylight_detector":2,"minecraft:acacia_sign":2,"minecraft:gray_stained_glass_pane":190,"minecraft:music_disc_mall":1,"minecraft:map":88,"minecraft:spruce_trapdoor":15,"minecraft:red_terracotta":1,"minecraft:iron_door":1,"minecraft:music_disc_blocks":3,"minecraft:spruce_sapling":6,"minecraft:gravel":117,"minecraft:diamond_sword":23,"minecraft:zombie_pigman_spawn_egg":1,"minecraft:cobblestone":27,"minecraft:potion":9,"minecraft:orange_banner":1,"minecraft:cyan_stained_glass_pane":9,"minecraft:white_banner":6,"minecraft:andesite":18,"minecraft:red_banner":1,"minecraft:smooth_stone_slab":993,"minecraft:oak_boat":1,"minecraft:air":9424,"minecraft:white_concrete":5048,"minecraft:cobweb":2,"minecraft:jukebox":40,"minecraft:smooth_stone":4065,"minecraft:bone_meal":475,"minecraft:experience_bottle":3,"minecraft:gray_stained_glass":6}},"DataVersion":1976}