{"stats":{"minecraft:custom":{"minecraft:mob_kills":4,"minecraft:inspect_hopper":2,"minecraft:interact_with_crafting_table":2,"minecraft:open_shulker_box":3,"minecraft:leave_game":20,"minecraft:time_since_death":740694,"minecraft:climb_one_cm":532,"minecraft:sprint_one_cm":175977,"minecraft:walk_one_cm":1822233,"minecraft:drop":58,"minecraft:talked_to_villager":5,"minecraft:deaths":9,"minecraft:sneak_time":34996,"minecraft:walk_under_water_one_cm":870,"minecraft:boat_one_cm":13165,"minecraft:interact_with_brewingstand":1,"minecraft:jump":1513,"minecraft:walk_on_water_one_cm":150,"minecraft:play_record":1,"minecraft:play_one_minute":1114888,"minecraft:pot_flower":10,"minecraft:time_since_rest":740734,"minecraft:open_enderchest":5,"minecraft:damage_taken":2251,"minecraft:damage_dealt":1142,"minecraft:fly_one_cm":6220535,"minecraft:open_chest":20,"minecraft:crouch_one_cm":30756,"minecraft:aviate_one_cm":133700,"minecraft:fall_one_cm":6214},"minecraft:picked_up":{"minecraft:music_disc_strad":1,"minecraft:birch_door":2,"minecraft:anvil":1,"minecraft:yellow_wool":1,"minecraft:stone_slab":1,"minecraft:diamond_sword":3,"minecraft:orange_banner":1,"minecraft:stone_brick_stairs":1,"minecraft:acacia_door":1,"minecraft:item_frame":1,"minecraft:armor_stand":2,"minecraft:white_carpet":12,"minecraft:cyan_carpet":34,"minecraft:glass_pane":2,"minecraft:written_book":1,"minecraft:spruce_planks":1,"minecraft:beef":3,"minecraft:redstone_torch":1,"minecraft:cyan_wool":1,"minecraft:oak_fence":1,"minecraft:pink_carpet":2,"minecraft:villager_spawn_egg":1,"minecraft:quartz_pillar":1,"minecraft:end_crystal":4,"minecraft:blue_carpet":34,"minecraft:tnt":1,"minecraft:quartz_block":1,"minecraft:glowstone":2,"minecraft:obsidian":1,"minecraft:iron_bars":1,"minecraft:white_wool":1,"minecraft:jungle_fence":1,"minecraft:leather":2,"minecraft:birch_planks":1,"minecraft:filled_map":1,"minecraft:purpur_stairs":1,"minecraft:white_banner":1,"minecraft:name_tag":1,"minecraft:sign":11,"minecraft:dark_oak_slab":1,"minecraft:red_banner":3,"minecraft:grass_block":3,"minecraft:spruce_door":2,"minecraft:spruce_boat":2,"minecraft:lever":2,"minecraft:painting":2,"minecraft:bricks":1,"minecraft:dark_oak_fence":5},"minecraft:crafted":{"minecraft:filled_map":2},"minecraft:killed":{"minecraft:ocelot":1,"minecraft:villager":3},"minecraft:mined":{"minecraft:grass_block":1,"minecraft:white_wool":1,"minecraft:cyan_wool":1,"minecraft:tnt":1},"minecraft:dropped":{"minecraft:dark_oak_stairs":1,"minecraft:tnt":1,"minecraft:jungle_fence":1,"minecraft:turtle_spawn_egg":1,"minecraft:spruce_door":1,"minecraft:quartz_pillar":1,"minecraft:purpur_stairs":1,"minecraft:grass_block":3,"minecraft:item_frame":1,"minecraft:gray_wool":1,"minecraft:dark_oak_fence":3,"minecraft:dispenser":1,"minecraft:black_stained_glass_pane":1,"minecraft:dark_oak_trapdoor":1,"minecraft:map":18,"minecraft:music_disc_strad":2,"minecraft:paper":25,"minecraft:acacia_door":2,"minecraft:cyan_carpet":1,"minecraft:end_crystal":2,"minecraft:armor_stand":1,"minecraft:bricks":1,"minecraft:anvil":1,"minecraft:light_blue_glazed_terracotta":1,"minecraft:dragon_head":1,"minecraft:diamond_hoe":1,"minecraft:yellow_wool":1,"minecraft:white_carpet":1,"minecraft:villager_spawn_egg":1,"minecraft:stone_slab":1,"minecraft:name_tag":1,"minecraft:spruce_fence":1,"minecraft:glass_pane":1,"minecraft:filled_map":9,"minecraft:diamond_sword":1,"minecraft:turtle_helmet":1,"minecraft:spruce_boat":1,"minecraft:stone":1,"minecraft:glowstone":3,"minecraft:iron_ore":1,"minecraft:iron_bars":1,"minecraft:stone_brick_stairs":1},"minecraft:used":{"minecraft:oak_fence":7,"minecraft:oak_trapdoor":16,"minecraft:light_blue_banner":4,"minecraft:nether_brick_fence":114,"minecraft:jungle_leaves":28,"minecraft:iron_bars":16,"minecraft:enchanting_table":3,"minecraft:dead_bush":1,"minecraft:light_gray_stained_glass_pane":16,"minecraft:armor_stand":76,"minecraft:dead_horn_coral_block":15,"minecraft:red_concrete":6,"minecraft:dispenser":4,"minecraft:bone_block":642,"minecraft:ladder":1,"minecraft:light_gray_carpet":1,"minecraft:white_concrete_powder":1,"minecraft:spruce_planks":366,"minecraft:chest":1,"minecraft:ender_chest":2,"minecraft:stone":1310,"minecraft:purple_shulker_box":1,"minecraft:brown_shulker_box":3,"minecraft:quartz_stairs":19,"minecraft:grass":12,"minecraft:green_terracotta":8,"minecraft:dried_kelp_block":2,"minecraft:tube_coral":3,"minecraft:spruce_leaves":11,"minecraft:brewing_stand":4,"minecraft:dirt":57,"minecraft:anvil":23,"minecraft:white_carpet":20,"minecraft:hopper":6,"minecraft:nether_bricks":21,"minecraft:jungle_planks":631,"minecraft:cobblestone_wall":11,"minecraft:jungle_slab":9,"minecraft:nether_brick_slab":632,"minecraft:light_gray_glazed_terracotta":3,"minecraft:spruce_fence":24,"minecraft:blue_concrete":20,"minecraft:nether_brick_stairs":36,"minecraft:obsidian":1,"minecraft:stripped_spruce_log":3,"minecraft:polished_diorite":1,"minecraft:birch_door":17,"minecraft:spruce_boat":2,"minecraft:brown_terracotta":72,"minecraft:stone_brick_slab":265,"minecraft:dark_oak_planks":9,"minecraft:sea_lantern":2,"minecraft:cyan_terracotta":1165,"minecraft:lava_bucket":1,"minecraft:villager_spawn_egg":2,"minecraft:bricks":30,"minecraft:bookshelf":5,"minecraft:light_gray_stained_glass":1,"minecraft:quartz_pillar":1027,"minecraft:black_stained_glass_pane":96,"minecraft:quartz_slab":519,"minecraft:red_wool":23,"minecraft:grass_block":1780,"minecraft:iron_block":101,"minecraft:oak_stairs":16,"minecraft:quartz_block":3,"minecraft:green_wool":13,"minecraft:dark_oak_slab":295,"minecraft:smooth_quartz":231,"minecraft:prismarine_slab":8,"minecraft:stone_brick_stairs":305,"minecraft:stone_bricks":36,"minecraft:blue_banner":34,"minecraft:music_disc_stal":1,"minecraft:item_frame":63,"minecraft:yellow_concrete_powder":10,"minecraft:birch_button":7,"minecraft:birch_trapdoor":16,"minecraft:glowstone":93,"minecraft:written_book":1,"minecraft:iron_trapdoor":69,"minecraft:white_stained_glass_pane":21,"minecraft:podzol":139,"minecraft:dragon_head":1,"minecraft:observer":5,"minecraft:turtle_egg":4,"minecraft:dark_prismarine_stairs":2,"minecraft:turtle_spawn_egg":1,"minecraft:dark_oak_stairs":433,"minecraft:diorite":59,"minecraft:end_rod":1,"minecraft:damaged_anvil":6,"minecraft:light_blue_glazed_terracotta":1,"minecraft:spruce_door":4,"minecraft:pink_glazed_terracotta":4,"minecraft:wither_skeleton_skull":19,"minecraft:prismarine_brick_slab":1,"minecraft:birch_leaves":192,"minecraft:birch_planks":12,"minecraft:stripped_birch_log":1,"minecraft:jungle_fence":54,"minecraft:lime_wool":3,"minecraft:oak_planks":3,"minecraft:purple_glazed_terracotta":23,"minecraft:cut_sandstone":8,"minecraft:redstone_block":5,"minecraft:cauldron":4,"minecraft:beacon":17,"minecraft:clay":2,"minecraft:vindicator_spawn_egg":10,"minecraft:cracked_stone_bricks":6,"minecraft:oak_leaves":1,"minecraft:white_wool":36,"minecraft:dark_oak_trapdoor":131,"minecraft:infested_chiseled_stone_bricks":3,"minecraft:purpur_stairs":51,"minecraft:sand":1,"minecraft:tnt":7,"minecraft:vine":3,"minecraft:light_blue_concrete":31,"minecraft:oak_slab":8,"minecraft:crafting_table":1,"minecraft:red_mushroom":4,"minecraft:brown_banner":4,"minecraft:yellow_concrete":211,"minecraft:sponge":1,"minecraft:dark_oak_fence_gate":2,"minecraft:light_gray_concrete_powder":2,"minecraft:painting":4,"minecraft:infested_stone_bricks":15,"minecraft:cake":2,"minecraft:birch_fence":63,"minecraft:redstone_torch":9,"minecraft:oak_log":71,"minecraft:sticky_piston":13,"minecraft:lever":17,"minecraft:flower_pot":18,"minecraft:black_concrete":45,"minecraft:black_wool":6,"minecraft:daylight_detector":7,"minecraft:acacia_door":4,"minecraft:gray_stained_glass_pane":19,"minecraft:light_gray_concrete":103,"minecraft:heavy_weighted_pressure_plate":9,"minecraft:string":45,"minecraft:cyan_carpet":99,"minecraft:map":5,"minecraft:sign":30,"minecraft:white_glazed_terracotta":13,"minecraft:jungle_stairs":106,"minecraft:cyan_concrete":25,"minecraft:stone_slab":726,"minecraft:spruce_trapdoor":25,"minecraft:red_terracotta":53,"minecraft:polished_granite":36,"minecraft:iron_door":2,"minecraft:gravel":1621,"minecraft:yellow_wool":12,"minecraft:blue_carpet":16,"minecraft:green_carpet":13,"minecraft:ocelot_spawn_egg":1,"minecraft:brown_stained_glass_pane":6,"minecraft:diamond_sword":10,"minecraft:coal_block":8,"minecraft:white_banner":73,"minecraft:dark_oak_fence":332,"minecraft:jungle_door":2,"minecraft:red_banner":9,"minecraft:bucket":1,"minecraft:magenta_glazed_terracotta":4,"minecraft:glass_pane":73,"minecraft:sea_pickle":20,"minecraft:white_concrete":213,"minecraft:gray_wool":1,"minecraft:smooth_stone":862,"minecraft:jukebox":7,"minecraft:cobweb":19}},"DataVersion":1631}